351.92,0.32,0.0005,359.78,0,0
359.47,-6.82,0.0117,359.78,0,0
359.84,-6.97,0.0242,359.78,-0.06,0.0001
352.87,0,0.0241,359.78,0.16,0.0001
352.87,0,0.0241,359.78,0.16,0.0004
352.87,0,0.024,359.78,-0.03,0.0004
352.87,0.12,0.0238,359.78,-0.03,0.0003
352.87,0.12,0.0235,359.78,-0.15,0
352.87,0.08,0.0233,359.78,0.05,0.0001
352.87,0.18,0.023,359.78,0.05,0.0002
352.87,0.18,0.0226,359.78,0.32,0.0008
352.87,0.38,0.0219,359.78,0.16,0.0011
352.87,0.37,0.0212,359.78,0.16,0.0014
352.87,0.37,0.0205,359.78,0.07,0.0015
352.87,0,0.0205,359.78,0.2,0.0019
352.87,0.27,0.0199,359.78,0.2,0.0022
352.87,0.27,0.0194,359.78,0.31,0.0028
352.87,0.27,0.0189,359.78,0.12,0.003
352.87,0.27,0.0183,359.78,0.12,0.0032
352.87,0.16,0.018,359.78,0.31,0.0038
352.87,0.18,0.0177,359.78,0.2,0.0041
352.87,0.18,0.0173,359.78,0.2,0.0045
352.87,0.3,0.0168,359.78,0.31,0.005
352.87,0.5,0.0158,359.78,0.27,0.0055
352.87,0.5,0.0149,359.78,0.27,0.006
352.87,0.26,0.0144,359.78,0.57,0.007
352.87,0.5,0.0135,359.78,0.57,0.008
352.87,0.5,0.0125,359.78,0.38,0.0087
352.87,0.3,0.012,359.78,0.38,0.0094
352.87,0.41,0.0112,359.78,0.38,0.01
352.87,0.41,0.0105,359.78,0.15,0.0103
352.87,0.42,0.0097,359.78,0.26,0.0107
352.87,0.6,0.0086,359.78,0.26,0.0112
352.87,0.6,0.0075,359.78,0.5,0.012
352.87,0.49,0.0066,359.78,0.26,0.0125
352.87,0.49,0.0057,359.78,0.26,0.0129
352.87,0.31,0.0052,359.78,0.12,0.0131
352.87,0.35,0.0045,359.78,0.17,0.0134
352.87,0.35,0.0039,359.78,0.17,0.0137
352.87,0.52,0.0029,359.78,0.19,0.014
352.87,0.46,0.0021,359.78,0.19,0.0143
352.87,0.46,0.0013,359.78,0.15,0.0146
352.87,0.46,0.0004,359.78,0.41,0.0153
352.87,0.53,0.0004,359.78,0.41,0.016
352.87,0.53,0.0014,359.78,0.38,0.0166
352.87,0.65,0.0026,359.78,0.42,0.0174
352.87,0.77,0.0039,359.78,0.42,0.0181
352.87,0.77,0.0053,359.78,0.05,0.0181
352.87,0.84,0.0068,359.78,-0.19,0.0178
352.87,0.58,0.0079,359.78,-0.19,0.0174
352.87,0.58,0.0089,359.78,0.09,0.0175
352.87,0.73,0.0102,359.78,0.04,0.0176
352.87,0.73,0.0115,359.78,0.04,0.0176
352.87,0.67,0.0127,359.78,0.26,0.018
352.87,0.52,0.0136,359.78,0.35,0.0186
352.87,0.52,0.0145,359.78,0.35,0.0192
352.87,0.53,0.0154,359.78,0.37,0.0199
352.87,0.77,0.0168,359.78,0.39,0.0205
352.87,0.77,0.0182,359.78,0.39,0.0212
352.87,0.75,0.0195,359.78,0.38,0.0218
352.87,0.83,0.0209,359.78,0.38,0.0225
352.87,0.83,0.0224,359.78,0.17,0.0228
352.87,0.71,0.0236,359.78,0.23,0.0231
352.87,0.73,0.0249,359.78,0.23,0.0235
352.87,0.73,0.0262,359.78,-0.06,0.0234
352.87,1.02,0.028,359.78,0.16,0.0236
352.87,0.95,0.0296,359.78,0.16,0.0239
352.87,0.95,0.0313,359.78,0.32,0.0244
352.87,0.96,0.033,359.78,0.17,0.0247
352.87,0.96,0.0346,359.78,0.17,0.0249
352.87,0.65,0.0358,359.78,0.08,0.025
352.87,0.73,0.037,359.78,0.22,0.0254
352.87,0.73,0.0383,359.78,0.22,0.0257
352.87,0.92,0.0399,359.78,0.08,0.0258
352.87,0.83,0.0413,359.78,0.11,0.026
352.87,0.83,0.0427,359.78,0.11,0.0261
352.87,0.75,0.044,359.78,0.09,0.0262
352.87,0.75,0.0452,359.78,0.09,0.0264
352.87,0.75,0.0465,359.78,0.16,0.0266
352.87,1.02,0.0483,359.78,0,0.0265
352.87,0.83,0.0497,359.78,0,0.0265
352.87,0.83,0.0511,359.78,0.07,0.0266
352.87,0.83,0.0525,359.78,0,0.0265
352.87,0.83,0.0539,359.78,0,0.0265
352.87,0.87,0.0553,359.78,0.04,0.0265
352.87,0.61,0.0563,359.78,0.32,0.027
352.87,0.61,0.0573,359.78,0.32,0.0276
352.87,0.77,0.0586,359.78,0.12,0.0277
352.87,0.72,0.0598,359.78,0.07,0.0278
352.87,0.72,0.061,359.78,0.07,0.0279
352.87,0.79,0.0623,359.78,-0.02,0.0278
352.87,0.94,0.0639,359.78,0.08,0.0279
352.87,0.94,0.0655,359.78,0.08,0.028
352.87,1.02,0.0672,359.78,0.09,0.0281
352.87,0.95,0.0688,359.78,-0.11,0.0278
352.87,0.95,0.0704,359.78,-0.11,0.0276
352.87,1.1,0.0722,359.78,0.05,0.0276
352.87,1.02,0.0739,359.78,0.26,0.028
352.87,1.02,0.0756,359.78,0.26,0.0285
352.87,0.98,0.0773,359.78,0.12,0.0286
352.87,0.98,0.0789,359.78,-0.03,0.0285
352.87,1.13,0.0808,359.78,-0.03,0.0284
352.87,1.09,0.0826,359.78,-0.06,0.0283
352.87,1.09,0.0844,359.78,0.28,0.0287
352.87,1.02,0.0861,359.78,0.28,0.0292
352.87,1.01,0.0877,359.78,0.45,0.0299
352.87,1.01,0.0894,359.78,0.31,0.0304
352.87,0.99,0.091,359.78,0.31,0.031
352.87,1.17,0.093,359.78,0.12,0.0311
352.87,1.17,0.0949,359.78,0.12,0.0313
352.87,1.06,0.0966,359.78,0.12,0.0314
352.87,1.06,0.0984,359.78,0,0.0314
352.87,1.06,0.1001,359.78,0,0.0313
352.87,0.92,0.1016,359.78,0.28,0.0318
352.87,1.1,0.1034,359.78,-0.08,0.0316
352.87,1.1,0.1052,359.78,-0.08,0.0314
352.87,0.96,0.1067,359.78,0.03,0.0314
352.87,0.96,0.1083,359.78,0.01,0.0313
352.87,1.25,0.1103,359.78,0.01,0.0313
352.87,1.01,0.1119,359.78,0.25,0.0317
352.87,1.01,0.1135,359.78,0.07,0.0317
352.87,1.13,0.1154,359.78,0.07,0.0318
352.87,1.28,0.1175,359.78,-0.08,0.0316
352.87,1.28,0.1196,359.78,0.07,0.0317
352.87,1.2,0.1215,359.78,0.07,0.0317
352.87,1.17,0.1234,359.78,-0.02,0.0316
352.87,1.17,0.1253,359.78,0.32,0.0322
352.87,1.17,0.1271,359.78,0.32,0.0327
352.87,1.17,0.129,359.78,0.12,0.0328
352.87,1.17,0.1309,359.78,0,0.0328
352.87,0.92,0.1323,359.78,0,0.0327
352.87,0.84,0.1336,359.78,-0.11,0.0325
352.87,0.84,0.1349,359.78,0.03,0.0324
352.87,1.03,0.1365,359.78,0.03,0.0324
352.87,1.03,0.1381,359.78,0.17,0.0327
352.87,1.05,0.1397,359.78,0.11,0.0328
352.87,1.07,0.1414,359.78,0.11,0.033
352.87,1.07,0.1431,359.78,0.17,0.0332
352.87,1.12,0.1448,359.78,0.17,0.0335
352.87,1.07,0.1465,359.78,0.05,0.0335
352.87,1.07,0.1482,359.78,0.08,0.0336
352.87,1.17,0.15,359.78,0.08,0.0337
352.87,0.98,0.1515,359.78,0.22,0.034
352.87,0.98,0.153,359.78,0.05,0.034
352.87,1.24,0.1549,359.78,0.05,0.0341
352.87,1.07,0.1566,359.78,-0.07,0.0339
352.87,1.07,0.1582,359.78,0.13,0.034
352.87,0.84,0.1595,359.78,0.13,0.0342
352.87,0.83,0.1607,359.78,0.23,0.0346
352.87,1.05,0.1623,359.78,0.23,0.0349
352.87,1.05,0.1639,359.78,0.23,0.0353
352.87,1.05,0.1655,359.78,0.11,0.0354
352.87,1.02,0.167,359.78,0.11,0.0355
352.87,1.07,0.1686,359.78,0.11,0.0357
352.87,1.07,0.1703,359.78,0.37,0.0363
352.87,0.83,0.1714,359.78,0.37,0.0369
352.87,0.87,0.1727,359.78,0.04,0.0369
352.87,0.87,0.174,359.78,0.05,0.0369
352.87,0.91,0.1753,359.78,0.05,0.0369
352.87,0.94,0.1767,359.78,0.12,0.0371
352.87,0.94,0.178,359.78,0.23,0.0374
352.87,0.94,0.1794,359.78,0.23,0.0378
352.87,0.94,0.1808,359.78,0.05,0.0378
352.87,0.94,0.1821,359.78,0.22,0.0381
352.87,1.03,0.1837,359.78,0.22,0.0384
352.87,1.03,0.1852,359.78,0.3,0.0389
352.87,1.13,0.1869,359.78,0.27,0.0393
352.87,0.99,0.1883,359.78,0.27,0.0397
352.87,0.99,0.1898,359.78,0.03,0.0397
352.87,1.1,0.1914,359.78,0.15,0.0399
352.87,0.96,0.1928,359.78,0.15,0.0401
352.87,0.96,0.1942,359.78,0.13,0.0403
352.87,1.05,0.1957,359.78,0.13,0.0404
352.87,1.13,0.1974,359.78,0.32,0.0409
352.87,1.13,0.1991,359.78,0.22,0.0413
352.87,1.03,0.2006,359.78,0.22,0.0416
352.87,1.33,0.2026,359.78,0.08,0.0416
352.87,1.33,0.2047,359.78,0.23,0.042
352.87,1.09,0.2063,359.78,0.23,0.0423
352.87,1.21,0.2081,359.78,0.39,0.0429
352.87,1.21,0.2099,359.78,0.11,0.0431
352.87,1.22,0.2117,359.78,0.11,0.0432
352.87,1.22,0.2135,359.78,0.17,0.0434
352.87,1.1,0.2151,359.78,0.05,0.0434
352.87,1.24,0.2169,359.78,0.05,0.0434
352.87,1.24,0.2188,359.78,0.22,0.0438
352.87,1.15,0.2205,359.78,0.56,0.0447
352.87,1.35,0.2225,359.78,0.56,0.0456
352.87,1.35,0.2245,359.78,0.34,0.0461
352.87,1.17,0.2262,359.78,0.34,0.0467
352.87,1.03,0.2277,359.78,0.22,0.047
352.87,1.03,0.2291,359.78,0.27,0.0474
352.87,1.01,0.2305,359.78,0.27,0.0478
352.87,1.2,0.2323,359.78,0.31,0.0482
352.87,1.2,0.234,359.78,0.2,0.0485
352.87,1.22,0.2358,359.78,0.2,0.0488
352.87,1.2,0.2375,359.78,0.07,0.0488
352.87,1.2,0.2392,359.78,0.25,0.0492
352.87,1.01,0.2406,359.78,0.25,0.0495
352.87,1.01,0.242,359.78,0.2,0.0498
352.87,1.09,0.2435,359.78,0.17,0.05
352.87,0.99,0.2449,359.78,0.17,0.0503
352.87,0.99,0.2462,359.78,0.19,0.0505
352.87,0.88,0.2474,359.78,0.04,0.0505
352.87,0.98,0.2487,359.78,0.04,0.0505
352.87,0.98,0.25,359.78,0.19,0.0507
352.87,1.13,0.2516,359.78,0.19,0.0509
352.87,1.02,0.253,359.78,0.34,0.0515
352.87,1.02,0.2543,359.78,0.23,0.0518
352.87,0.9,0.2555,359.78,0.23,0.0521
352.87,0.99,0.2568,359.78,0.28,0.0525
352.87,0.99,0.2582,359.78,0.2,0.0528
352.87,0.83,0.2592,359.78,0.2,0.0531
352.87,0.98,0.2605,359.78,0.07,0.0531
352.87,0.98,0.2618,359.78,0.17,0.0533
352.87,1.03,0.2632,359.78,0.17,0.0535
352.87,1.03,0.2646,359.78,0.31,0.054
352.87,0.94,0.2658,359.78,0.2,0.0543
352.87,0.77,0.2667,359.78,0.2,0.0545
352.87,0.77,0.2676,359.78,0.28,0.0549
352.87,0.95,0.2688,359.78,0.31,0.0554
352.87,0.86,0.2699,359.78,0.09,0.0555
352.87,0.86,0.2709,359.78,0.11,0.0556
352.87,0.83,0.2719,359.78,0.11,0.0557
352.87,0.86,0.273,359.78,0.3,0.0561
352.87,0.86,0.274,359.78,0.39,0.0567
352.87,0.57,0.2746,359.78,0.39,0.0573
352.87,0.77,0.2755,359.78,0.41,0.0579
352.87,0.77,0.2764,359.78,0.64,0.059
352.87,0.83,0.2774,359.78,0.64,0.06
352.87,0.86,0.2784,359.78,0.2,0.0603
352.87,0.86,0.2794,359.78,0.46,0.061
352.87,0.92,0.2806,359.78,0.46,0.0617
352.87,0.92,0.2818,359.78,0.32,0.0622
352.87,0.79,0.2827,359.78,0.2,0.0624
352.87,0.91,0.2838,359.78,0.2,0.0627
352.87,0.91,0.2849,359.78,0.12,0.0628
352.87,0.83,0.2859,359.78,0.27,0.0632
352.87,0.95,0.2871,359.78,0.05,0.0632
352.87,0.95,0.2883,359.78,0.26,0.0635
352.87,0.77,0.2892,359.78,0.26,0.0639
352.87,0.83,0.2902,359.78,0.19,0.0641
352.87,0.83,0.2911,359.78,0,0.064
352.87,0.9,0.2922,359.78,0,0.0639
352.87,0.77,0.2931,359.78,0.5,0.0646
352.87,0.77,0.294,359.78,0.31,0.0651
352.87,0.86,0.295,359.78,0.31,0.0655
352.87,0.87,0.296,359.78,0.03,0.0655
352.87,0.87,0.297,359.78,0.05,0.0654
352.87,0.9,0.2981,359.78,0.05,0.0654
352.87,0.9,0.2992,359.78,0.54,0.0663
352.87,0.75,0.3,359.78,0.49,0.067
352.87,0.87,0.301,359.78,0.49,0.0678
352.87,0.87,0.3021,359.78,0.32,0.0682
352.87,0.98,0.3033,359.78,0.22,0.0685
352.87,0.73,0.3041,359.78,0.22,0.0688
352.87,0.73,0.3048,359.78,0.34,0.0693
352.87,0.65,0.3055,359.78,0.34,0.0697
352.87,0.86,0.3064,359.78,0.35,0.0703
352.87,0.86,0.3074,359.78,0.27,0.0706
352.87,0.87,0.3084,359.78,0.27,0.071
352.87,0.77,0.3093,359.78,0.28,0.0714
352.87,0.77,0.3101,359.78,0.41,0.072
352.87,0.83,0.3111,359.78,0.41,0.0726
352.87,0.83,0.312,359.78,0.25,0.0729
352.87,0.8,0.3129,359.78,0.17,0.0731
352.87,0.67,0.3135,359.78,0.17,0.0732
352.87,0.67,0.3141,359.78,0.23,0.0735
352.87,0.87,0.3151,359.78,0.07,0.0735
352.87,0.92,0.3162,359.78,0.07,0.0735
352.87,0.92,0.3173,359.78,0.2,0.0737
352.87,0.73,0.3181,359.78,0.23,0.074
352.87,0.71,0.3188,359.78,0.23,0.0743
352.87,0.71,0.3195,359.78,0.19,0.0745
352.87,0.65,0.3201,359.78,0.19,0.0747
352.87,0.68,0.3207,359.78,0.46,0.0754
352.87,0.68,0.3214,359.78,0.27,0.0757
352.87,0.58,0.3218,359.78,0.27,0.0761
352.87,0.58,0.3223,359.78,0.35,0.0766
352.87,0.58,0.3228,359.78,0.5,0.0774
352.87,0.49,0.3231,359.78,0.5,0.0781
352.87,0.49,0.3234,359.78,0.39,0.0787
352.87,0.6,0.3239,359.78,0.22,0.0789
352.87,0.68,0.3245,359.78,0.22,0.0792
352.87,0.68,0.3252,359.78,-0.08,0.0789
352.87,0.71,0.3258,359.78,0.25,0.0792
352.87,0.56,0.3263,359.78,0.25,0.0795
352.87,0.56,0.3267,359.78,0.16,0.0796
352.87,0.56,0.3271,359.78,0.22,0.0799
352.87,0.61,0.3276,359.78,0.22,0.0801
352.87,0.61,0.3281,359.78,0.31,0.0805
352.87,0.67,0.3287,359.78,0.31,0.081
352.87,0.79,0.3296,359.78,0.48,0.0817
352.87,0.79,0.3304,359.78,0.37,0.0822
352.87,0.83,0.3313,359.78,0.37,0.0827
352.87,0.77,0.3321,359.78,0.34,0.0831
352.87,0.77,0.3329,359.78,0.32,0.0836
352.87,0.94,0.334,359.78,0.32,0.084
352.87,0.94,0.335,359.78,0.41,0.0846
352.87,0.88,0.336,359.78,0.19,0.0848
352.87,0.86,0.337,359.78,0.19,0.085
352.87,0.86,0.3379,359.78,0.3,0.0853
352.87,0.79,0.3387,359.78,0.41,0.0859
352.87,0.8,0.3395,359.78,0.41,0.0865
352.87,0.8,0.3404,359.78,0.12,0.0866
352.87,0.64,0.3409,359.78,0.25,0.0868
352.87,0.77,0.3417,359.78,0.25,0.0871
352.87,0.77,0.3425,359.78,0.27,0.0875
352.87,0.8,0.3433,359.78,0.27,0.0878
352.87,0.83,0.3442,359.78,0.35,0.0883
352.87,0.83,0.345,359.78,0.07,0.0882
352.87,0.8,0.3459,359.78,0.07,0.0882
352.87,0.64,0.3464,359.78,0.25,0.0885
352.87,0.64,0.3469,359.78,0.46,0.0891
352.87,0.76,0.3477,359.78,0.46,0.0898
352.87,0.76,0.3484,359.78,0.43,0.0904
352.87,0.86,0.3493,359.78,0.38,0.091
352.87,0.8,0.3501,359.78,0.38,0.0915
352.87,0.8,0.3509,359.78,0.39,0.092
352.87,0.76,0.3517,359.78,0.22,0.0922
352.87,0.87,0.3526,359.78,0.22,0.0925
352.87,0.87,0.3535,359.78,0.51,0.0932
352.87,0.79,0.3543,359.78,0.49,0.0939
352.87,0.76,0.3551,359.78,0.49,0.0946
352.87,0.76,0.3558,359.78,0.37,0.0951
352.87,0.77,0.3565,359.78,0.37,0.0956
352.87,0.73,0.3572,359.78,0.45,0.0963
352.87,0.73,0.3579,359.78,0.25,0.0965
352.87,0.88,0.3588,359.78,0.25,0.0968
352.87,0.87,0.3598,359.78,0.6,0.0977
352.87,0.87,0.3607,359.78,0.45,0.0983
352.87,0.9,0.3616,359.78,0.45,0.099
352.87,0.9,0.3626,359.78,0.42,0.0995
352.87,0.73,0.3633,359.78,0.43,0.1001
352.87,0.76,0.364,359.78,0.43,0.1007
352.87,0.76,0.3647,359.78,0.25,0.101
352.87,0.73,0.3654,359.78,0.45,0.1016
352.87,0.83,0.3662,359.78,0.45,0.1022
352.87,0.83,0.367,359.78,0.26,0.1025
352.87,0.86,0.3679,359.78,0.54,0.1033
352.87,0.87,0.3688,359.78,0.54,0.1041
352.87,0.87,0.3697,359.78,0.49,0.1048
352.87,0.91,0.3707,359.78,0.49,0.1055
352.87,1.05,0.3719,359.78,0.7,0.1066
352.87,1.05,0.3731,359.78,0.75,0.1077
352.87,0.83,0.374,359.78,0.75,0.1089
352.87,0.83,0.3748,359.78,0.7,0.1099
352.87,0.92,0.3758,359.78,0.48,0.1106
352.87,0.94,0.3768,359.78,0.48,0.1113
352.87,0.94,0.3778,359.78,0.72,0.1124
352.87,0.9,0.3787,359.78,0.51,0.1131
352.87,0.88,0.3796,359.78,0.51,0.1138
352.87,0.88,0.3805,359.78,0.56,0.1146
352.87,0.67,0.381,359.78,0.49,0.1153
352.87,0.88,0.382,359.78,0.49,0.1159
352.87,0.88,0.3829,359.78,0.6,0.1168
352.87,0.82,0.3836,359.78,0.68,0.1178
352.87,0.92,0.3846,359.78,0.68,0.1188
352.87,0.92,0.3856,359.78,0.46,0.1194
352.87,0.71,0.3862,359.78,0.46,0.1201
352.87,0.88,0.3871,359.78,0.54,0.1208
352.87,0.88,0.3879,359.78,0.6,0.1217
352.87,0.9,0.3889,359.78,0.6,0.1225
352.87,0.9,0.3898,359.78,0.41,0.123
352.87,0.8,0.3905,359.78,0.46,0.1237
352.87,0.64,0.391,359.78,0.46,0.1243
352.87,0.64,0.3914,359.78,0.45,0.1248
352.87,0.72,0.392,359.78,0.56,0.1256
352.87,0.73,0.3926,359.78,0.56,0.1264
352.87,0.73,0.3932,359.78,0.49,0.127
352.87,0.91,0.3942,359.78,0.57,0.1278
352.87,0.84,0.395,359.78,0.57,0.1286
352.87,0.84,0.3958,359.78,0.73,0.1297
352.87,0.87,0.3966,359.78,0.73,0.1308
352.87,0.77,0.3973,359.78,0.75,0.1319
352.87,0.77,0.398,359.78,0.56,0.1327
352.87,0.73,0.3986,359.78,0.56,0.1335
352.87,0.84,0.3994,359.78,0.7,0.1345
352.87,0.84,0.4002,359.78,0.45,0.1351
352.87,0.9,0.4011,359.78,0.45,0.1356
352.87,0.9,0.402,359.78,0.9,0.137
352.87,0.91,0.4029,359.78,0.96,0.1385
352.87,0.76,0.4036,359.78,0.96,0.14
352.87,0.76,0.4042,359.78,0.8,0.1412
352.87,0.57,0.4045,359.78,0.84,0.1424
352.87,0.82,0.4052,359.78,0.84,0.1437
352.87,0.82,0.406,359.78,0.5,0.1443
352.87,0.96,0.407,359.78,0.43,0.1448
352.87,0.77,0.4076,359.78,0.43,0.1454
352.87,0.77,0.4083,359.78,0.42,0.1459
352.87,0.8,0.409,359.78,0.42,0.1463
352.87,0.8,0.4097,359.78,0.73,0.1474
352.87,0.8,0.4104,359.78,0.84,0.1487
352.87,0.82,0.4111,359.78,0.84,0.1499
352.87,0.57,0.4114,359.78,0.64,0.1508
352.87,0.57,0.4117,359.78,0.73,0.1518
352.87,0.73,0.4123,359.78,0.73,0.1529
352.87,0.73,0.4129,359.78,0.39,0.1533
352.87,0.71,0.4134,359.78,0.58,0.1541
352.87,0.79,0.4141,359.78,0.58,0.1549
352.87,0.79,0.4148,359.78,0.46,0.1554
352.87,0.92,0.4157,359.78,0.35,0.1558
352.87,0.52,0.4159,359.78,0.35,0.1561
352.87,0.52,0.416,359.78,0.58,0.1569
352.87,0.83,0.4168,359.78,0.51,0.1575
352.87,0.8,0.4175,359.78,0.51,0.1582
352.87,0.8,0.4182,359.78,0.58,0.1589
352.87,0.73,0.4187,359.78,0.58,0.1597
352.87,0.63,0.4191,359.78,0.7,0.1607
352.87,0.63,0.4195,359.78,0.5,0.1613
352.87,0.82,0.4202,359.78,0.5,0.1619
352.87,0.8,0.4209,359.78,0.61,0.1627
352.87,0.8,0.4216,359.78,0.45,0.1632
352.87,0.96,0.4225,359.78,0.45,0.1637
352.87,0.96,0.4235,359.78,0.77,0.1648
352.87,0.71,0.424,359.78,0.84,0.1661
352.87,0.83,0.4248,359.78,0.84,0.1673
352.87,0.83,0.4255,359.78,0.68,0.1682
352.87,0.86,0.4263,359.78,0.73,0.1692
352.87,0.94,0.4272,359.78,0.73,0.1702
352.87,0.94,0.4281,359.78,0.6,0.171
352.87,0.91,0.429,359.78,0.56,0.1717
352.87,0.92,0.4299,359.78,0.56,0.1724
352.87,0.92,0.4308,359.78,0.88,0.1737
352.87,0.82,0.4314,359.78,0.88,0.175
352.87,0.8,0.4321,359.78,0.76,0.176
352.87,0.8,0.4328,359.78,0.56,0.1767
352.87,0.68,0.4332,359.78,0.56,0.1774
352.87,0.68,0.4337,359.78,0.49,0.1779
352.87,0.76,0.4342,359.78,0.65,0.1788
352.87,0.65,0.4346,359.78,0.65,0.1796
352.87,0.65,0.435,359.78,0.58,0.1804
352.87,0.72,0.4355,359.78,0.5,0.1809
352.87,0.64,0.4359,359.78,0.5,0.1815
352.87,0.64,0.4363,359.78,0.56,0.1822
352.87,0.6,0.4366,359.78,0.56,0.1829
352.87,0.86,0.4373,359.78,0.56,0.1835
352.87,0.86,0.4381,359.78,0.53,0.1842
352.87,0.83,0.4388,359.78,0.49,0.1847
352.87,0.79,0.4394,359.78,0.49,0.1853
352.87,0.79,0.44,359.78,0.57,0.186
352.87,0.91,0.4409,359.78,0.57,0.1866
352.87,0.83,0.4416,359.78,0.49,0.1872
352.87,0.83,0.4423,359.78,0.49,0.1877
352.87,0.79,0.4429,359.78,0.49,0.1883
352.87,0.79,0.4435,359.78,0.8,0.1894
352.87,0.75,0.4441,359.78,0.7,0.1903
352.87,0.82,0.4447,359.78,0.7,0.1912
352.87,0.82,0.4454,359.78,0.54,0.1919
352.87,0.96,0.4463,359.78,0.67,0.1927
352.87,0.94,0.4472,359.78,0.67,0.1936
352.87,0.94,0.4481,359.78,0.64,0.1944
352.87,0.96,0.449,359.78,0.69,0.1953
352.87,0.86,0.4498,359.78,0.69,0.1962
352.87,0.86,0.4505,359.78,0.77,0.1972
352.87,0.87,0.4513,359.78,0.77,0.1982
352.87,0.88,0.452,359.78,0.46,0.1987
352.87,0.88,0.4528,359.78,0.57,0.1994
352.87,0.9,0.4536,359.78,0.57,0.2
352.87,0.75,0.4541,359.78,0.87,0.2013
352.87,0.75,0.4547,359.78,0.64,0.202
352.87,0.88,0.4554,359.78,0.64,0.2028
352.87,0.88,0.4562,359.78,0.56,0.2035
352.87,0.87,0.457,359.78,0.82,0.2046
352.87,0.87,0.4577,359.78,0.82,0.2057
352.87,0.87,0.4584,359.78,0.79,0.2067
352.87,0.83,0.4591,359.78,0.6,0.2074
352.87,1.18,0.4604,359.78,0.6,0.2081
352.87,1.18,0.4617,359.78,0.77,0.2091
352.87,0.82,0.4623,359.78,0.67,0.21
352.87,0.76,0.4629,359.78,0.67,0.2108
352.87,0.76,0.4634,359.78,0.54,0.2114
352.87,0.82,0.464,359.78,0.54,0.212
352.87,0.98,0.465,359.78,0.54,0.2126
352.87,0.98,0.4659,359.78,0.67,0.2134
352.87,0.92,0.4667,359.78,0.67,0.2142
352.87,0.95,0.4676,359.78,0.56,0.2148
352.87,0.95,0.4685,359.78,0.57,0.2154
352.87,0.92,0.4693,359.78,0.57,0.2161
352.87,0.92,0.4701,359.78,0.45,0.2165
352.87,0.99,0.4711,359.78,0.67,0.2173
352.87,1.09,0.4722,359.78,0.67,0.2181
352.87,1.09,0.4733,359.78,0.7,0.219
352.87,1.02,0.4743,359.78,0.5,0.2195
352.87,1.07,0.4753,359.78,0.5,0.22
352.87,1.07,0.4764,359.78,0.65,0.2208
352.87,0.96,0.4773,359.78,0.87,0.222
352.87,1.09,0.4784,359.78,0.87,0.2231
352.87,1.09,0.4795,359.78,0.75,0.2241
352.87,1.07,0.4806,359.78,0.75,0.225
352.87,1.21,0.4819,359.78,0.65,0.2258
352.87,1.21,0.4832,359.78,0.72,0.2267
352.87,1.14,0.4844,359.78,0.72,0.2275
352.87,1.31,0.4858,359.78,0.77,0.2285
352.87,1.09,0.4869,359.78,0.67,0.2293
352.87,1.18,0.4882,359.78,0.67,0.2301
352.87,1.18,0.4894,359.78,0.56,0.2307
352.87,1.07,0.4905,359.78,0.69,0.2315
352.87,1.17,0.4917,359.78,0.69,0.2323
352.87,1.17,0.4929,359.78,0.82,0.2334
352.87,1.1,0.494,359.78,0.69,0.2342
352.87,1.14,0.4952,359.78,0.69,0.235
352.87,1.14,0.4963,359.78,0.69,0.2359
352.87,1.17,0.4975,359.78,0.83,0.2369
352.87,0.95,0.4984,359.78,0.83,0.238
352.87,0.95,0.4992,359.78,0.73,0.2389
352.87,1.03,0.5001,359.78,0.73,0.2398
352.87,1.1,0.5012,359.78,0.64,0.2405
352.87,1.1,0.5023,359.78,0.62,0.2412
352.87,1.18,0.5035,359.78,0.62,0.2419
352.87,1.25,0.5049,359.78,0.72,0.2427
352.87,1.25,0.5062,359.78,0.34,0.2429
352.87,1.31,0.5077,359.78,0.34,0.2431
352.87,1.31,0.5091,359.78,0.28,0.2431
352.87,1.29,0.5105,359.78,0.6,0.2438
352.87,1.21,0.5118,359.78,0.6,0.2444
352.87,1.21,0.513,359.78,0.65,0.2452
352.87,1.44,0.5147,359.78,0.84,0.2462
352.87,1.27,0.516,359.78,0.84,0.2473
352.87,1.27,0.5174,359.78,0.84,0.2484
352.87,1.18,0.5186,359.78,0.8,0.2494
352.87,1.31,0.52,359.78,0.58,0.25
352.87,1.31,0.5214,359.78,0.95,0.2512
352.87,1.31,0.5228,359.78,0.95,0.2525
352.87,1.27,0.5242,359.78,1.03,0.2539
352.87,1.27,0.5255,359.78,0.75,0.2548
352.87,1.32,0.5269,359.78,0.75,0.2557
352.87,1.32,0.5283,359.78,0.87,0.2568
352.87,1.39,0.5299,359.78,0.94,0.258
352.87,1.25,0.5312,359.78,0.94,0.2592
352.87,1.25,0.5325,359.78,0.94,0.2604
352.87,1.24,0.5338,359.78,0.84,0.2615
352.87,1.21,0.535,359.78,0.84,0.2625
352.87,1.21,0.5362,359.78,0.94,0.2637
352.87,1.32,0.5376,359.78,0.84,0.2648
352.87,1.15,0.5387,359.78,0.84,0.2658
352.87,1.15,0.5398,359.78,0.87,0.2669
352.87,1.43,0.5414,359.78,0.87,0.268
352.87,1.35,0.5429,359.78,0.87,0.2691
352.87,1.35,0.5443,359.78,0.91,0.2702
352.87,1.44,0.5459,359.78,0.91,0.2714
352.87,1.33,0.5473,359.78,0.56,0.2719
352.87,1.33,0.5488,359.78,0.75,0.2728
352.87,1.21,0.5499,359.78,0.75,0.2736
352.87,1.21,0.5511,359.78,0.82,0.2746
352.87,1.27,0.5524,359.78,0.61,0.2752
352.87,1.28,0.5537,359.78,0.61,0.2758
352.87,1.28,0.555,359.78,0.8,0.2767
352.87,1.13,0.5561,359.78,0.68,0.2775
352.87,1.51,0.5578,359.78,0.68,0.2782
352.87,1.51,0.5595,359.78,0.8,0.2791
352.87,1.2,0.5606,359.78,0.53,0.2796
352.87,1.32,0.562,359.78,0.53,0.28
352.87,1.32,0.5634,359.78,0.64,0.2807
352.87,1.36,0.5648,359.78,0.64,0.2813
352.87,1.37,0.5663,359.78,0.79,0.2822
352.87,1.37,0.5677,359.78,0.73,0.283
352.87,1.41,0.5692,359.78,0.73,0.2839
352.87,1.43,0.5708,359.78,0.82,0.2848
352.87,1.43,0.5723,359.78,0.79,0.2857
352.87,1.33,0.5737,359.78,0.79,0.2866
352.87,1.33,0.5751,359.78,0.61,0.2872
352.87,1.5,0.5767,359.78,0.86,0.2882
352.87,1.35,0.5781,359.78,0.86,0.2892
352.87,1.35,0.5795,359.78,0.76,0.2901
352.87,1.59,0.5813,359.78,0.72,0.2909
352.87,1.5,0.583,359.78,0.72,0.2916
352.87,1.5,0.5846,359.78,0.69,0.2924
352.87,1.4,0.5861,359.78,0.54,0.2928
352.87,1.39,0.5875,359.78,0.54,0.2933
352.87,1.39,0.5889,359.78,0.77,0.2941
352.87,1.54,0.5907,359.78,0.77,0.295
352.87,1.5,0.5923,359.78,0.83,0.2959
352.87,1.5,0.5939,359.78,0.73,0.2967
352.87,1.44,0.5954,359.78,0.73,0.2975
352.87,1.48,0.597,359.78,0.65,0.2982
352.87,1.48,0.5986,359.78,0.51,0.2985
352.87,1.4,0.6001,359.78,0.51,0.2989
352.87,1.4,0.6015,359.78,0.76,0.2998
352.87,1.56,0.6032,359.78,0.82,0.3007
352.87,1.65,0.6051,359.78,0.82,0.3016
352.87,1.65,0.607,359.78,0.61,0.3022
352.87,1.48,0.6086,359.78,0.62,0.3028
352.87,1.55,0.6103,359.78,0.62,0.3033
352.87,1.55,0.612,359.78,0.8,0.3042
352.87,1.36,0.6133,359.78,0.86,0.3052
352.87,1.62,0.6151,359.78,0.86,0.3062
352.87,1.62,0.6169,359.78,0.88,0.3073
352.87,1.46,0.6184,359.78,0.88,0.3083
352.87,1.55,0.6201,359.78,0.57,0.3088
352.87,1.55,0.6218,359.78,0.88,0.3098
352.87,1.41,0.6232,359.78,0.88,0.3108
352.87,1.5,0.6248,359.78,0.84,0.3118
352.87,1.71,0.6267,359.78,0.7,0.3125
352.87,1.71,0.6287,359.78,0.7,0.3132
352.87,1.71,0.6306,359.78,0.95,0.3144
352.87,1.66,0.6325,359.78,0.91,0.3154
352.87,1.84,0.6347,359.78,0.91,0.3165
352.87,1.84,0.6368,359.78,1.06,0.3178
352.87,1.71,0.6388,359.78,0.84,0.3188
352.87,1.47,0.6403,359.78,0.84,0.3197
352.87,1.47,0.6417,359.78,0.92,0.3208
352.87,1.5,0.6433,359.78,0.8,0.3217
352.87,1.47,0.6448,359.78,0.8,0.3225
352.87,1.47,0.6463,359.78,0.9,0.3236
352.87,1.54,0.6479,359.78,0.9,0.3246
352.87,1.5,0.6494,359.78,0.91,0.3257
352.87,1.5,0.6509,359.78,0.73,0.3264
352.87,1.52,0.6525,359.78,0.73,0.3271
352.87,1.46,0.6539,359.78,0.77,0.3279
352.87,1.46,0.6554,359.78,0.79,0.3288
352.87,1.58,0.657,359.78,0.79,0.3296
352.87,1.58,0.6587,359.78,0.87,0.3306
352.87,1.63,0.6604,359.78,0.7,0.3312
352.87,1.7,0.6623,359.78,0.7,0.3319
352.87,1.7,0.6642,359.78,0.87,0.3329
352.87,1.54,0.6658,359.78,0.76,0.3336
352.87,1.62,0.6675,359.78,0.76,0.3344
352.87,1.62,0.6692,359.78,0.79,0.3352
352.87,1.69,0.671,359.78,0.76,0.336
352.87,1.51,0.6725,359.78,0.76,0.3368
352.87,1.51,0.674,359.78,0.65,0.3373
352.87,1.51,0.6755,359.78,0.65,0.3379
352.87,1.58,0.6772,359.78,0.69,0.3385
352.87,1.58,0.6788,359.78,0.65,0.3391
352.87,1.44,0.6801,359.78,0.65,0.3397
352.87,1.44,0.6815,359.78,0.69,0.3403
352.87,1.48,0.683,359.78,0.76,0.341
352.87,1.41,0.6843,359.78,0.76,0.3418
352.87,1.41,0.6856,359.78,0.87,0.3427
352.87,1.27,0.6866,359.78,0.92,0.3438
352.87,1.35,0.6878,359.78,0.92,0.3448
352.87,1.35,0.689,359.78,1.1,0.3462
352.87,1.55,0.6906,359.78,0.79,0.347
352.87,1.33,0.6917,359.78,0.79,0.3478
352.87,1.33,0.6929,359.78,0.92,0.3488
352.87,1.36,0.6941,359.78,0.86,0.3497
352.87,1.27,0.6951,359.78,0.86,0.3506
352.87,1.27,0.6961,359.78,0.68,0.3512
352.87,1.35,0.6973,359.78,0.68,0.3518
352.87,1.52,0.6988,359.78,0.83,0.3527
352.87,1.52,0.7003,359.78,0.8,0.3535
352.87,1.41,0.7016,359.78,0.8,0.3543
352.87,1.41,0.7028,359.78,0.96,0.3554
352.87,1.43,0.7041,359.78,0.88,0.3563
352.87,1.58,0.7057,359.78,0.88,0.3573
352.87,1.58,0.7073,359.78,0.91,0.3583
352.87,1.52,0.7088,359.78,0.79,0.3591
352.87,1.6,0.7104,359.78,0.79,0.3598
352.87,1.6,0.712,359.78,0.58,0.3602
352.87,1.29,0.713,359.78,0.86,0.3611
352.87,1.41,0.7143,359.78,0.86,0.362
352.87,1.41,0.7155,359.78,0.94,0.3631
352.87,1.32,0.7166,359.78,0.94,0.3641
352.87,1.39,0.7178,359.78,0.79,0.3649
352.87,1.39,0.719,359.78,0.82,0.3657
352.87,1.52,0.7205,359.78,0.82,0.3665
352.87,1.56,0.722,359.78,0.83,0.3673
352.87,1.56,0.7235,359.78,0.87,0.3682
352.87,1.39,0.7247,359.78,0.87,0.3691
352.87,1.39,0.7259,359.78,0.95,0.3702
352.87,1.56,0.7274,359.78,1.01,0.3713
352.87,1.52,0.7288,359.78,1.01,0.3724
352.87,1.52,0.7303,359.78,0.94,0.3735
352.87,1.4,0.7315,359.78,0.87,0.3744
352.87,1.51,0.7329,359.78,0.87,0.3752
352.87,1.51,0.7343,359.78,0.83,0.3761
352.87,1.59,0.7358,359.78,0.77,0.3768
352.87,1.48,0.7372,359.78,0.77,0.3775
352.87,1.48,0.7385,359.78,0.84,0.3783
352.87,1.46,0.7398,359.78,0.84,0.3792
352.87,1.25,0.7407,359.78,0.91,0.3801
352.87,1.25,0.7416,359.78,0.68,0.3807
352.87,1.56,0.7431,359.78,0.68,0.3812
352.87,1.44,0.7444,359.78,0.77,0.3819
352.87,1.44,0.7456,359.78,0.67,0.3824
352.87,1.6,0.7472,359.78,0.67,0.3829
352.87,1.6,0.7487,359.78,1.13,0.3843
352.87,1.71,0.7505,359.78,0.98,0.3853
352.87,1.52,0.7518,359.78,0.98,0.3864
352.87,1.52,0.7532,359.78,0.8,0.3871
352.87,1.48,0.7545,359.78,0.96,0.3882
352.87,1.56,0.756,359.78,0.96,0.3892
352.87,1.56,0.7575,359.78,1.06,0.3904
352.87,1.62,0.759,359.78,1.02,0.3915
352.87,1.43,0.7602,359.78,1.02,0.3927
352.87,1.43,0.7614,359.78,0.77,0.3934
352.87,1.5,0.7627,359.78,0.77,0.394
352.87,1.7,0.7644,359.78,1.14,0.3954
352.87,1.7,0.7661,359.78,1.14,0.3967
352.87,1.51,0.7674,359.78,1.14,0.3981
352.87,1.44,0.7687,359.78,0.96,0.3991
352.87,1.66,0.7703,359.78,0.91,0.4
352.87,1.54,0.7716,359.78,0.91,0.4009
352.87,1.54,0.773,359.78,0.95,0.4019
352.87,1.6,0.7745,359.78,0.94,0.4029
352.87,1.39,0.7756,359.78,0.94,0.4038
352.87,1.39,0.7767,359.78,1.05,0.405
352.87,1.47,0.778,359.78,0.92,0.4059
352.87,1.54,0.7793,359.78,0.92,0.4069
352.87,1.54,0.7807,359.78,0.8,0.4076
352.87,1.48,0.782,359.78,0.8,0.4083
352.87,1.48,0.7832,359.78,0.8,0.409
352.87,1.48,0.7845,359.78,0.86,0.4098
352.87,1.6,0.786,359.78,0.86,0.4106
352.87,1.4,0.7871,359.78,0.8,0.4113
352.87,1.4,0.7882,359.78,1.01,0.4124
352.87,1.56,0.7896,359.78,1.01,0.4135
352.87,1.56,0.791,359.78,1.05,0.4146
352.87,1.39,0.792,359.78,1.05,0.4157
352.87,1.73,0.7937,359.78,1.05,0.4169
352.87,1.73,0.7954,359.78,1.07,0.418
352.87,1.48,0.7966,359.78,1.09,0.4193
352.87,1.48,0.7979,359.78,1.09,0.4205
352.87,1.48,0.7991,359.78,0.84,0.4212
352.87,1.27,0.7999,359.78,0.77,0.4218
352.87,1.52,0.8012,359.78,0.77,0.4225
352.87,1.52,0.8025,359.78,0.94,0.4234
352.87,1.46,0.8037,359.78,0.8,0.4241
352.87,1.55,0.8051,359.78,1.02,0.4252
352.87,1.55,0.8064,359.78,0.8,0.4258
352.87,1.5,0.8076,359.78,0.8,0.4265
352.87,1.5,0.8089,359.78,0.79,0.4272
352.87,1.5,0.8101,359.78,0.96,0.4281
352.87,1.75,0.8118,359.78,0.96,0.4291
352.87,1.75,0.8135,359.78,1.03,0.4302
352.87,1.56,0.8149,359.78,0.82,0.4309
352.87,1.52,0.8161,359.78,0.82,0.4316
352.87,1.52,0.8174,359.78,0.83,0.4323
352.87,1.54,0.8187,359.78,0.75,0.4329
352.87,1.62,0.8202,359.78,0.75,0.4334
352.87,1.62,0.8216,359.78,0.94,0.4343
352.87,1.73,0.8232,359.78,0.88,0.4351
352.87,1.55,0.8245,359.78,0.88,0.4359
352.87,1.55,0.8258,359.78,1.01,0.437
352.87,1.52,0.8271,359.78,1.01,0.438
352.87,1.52,0.8284,359.78,1.11,0.4392
352.87,1.52,0.8296,359.78,1.01,0.4402
352.87,1.69,0.8312,359.78,1.01,0.4413
352.87,1.69,0.8327,359.78,0.92,0.4421
352.87,1.69,0.8342,359.78,0.96,0.4431
352.87,1.54,0.8355,359.78,0.96,0.444
352.87,1.54,0.8368,359.78,0.94,0.4449
352.87,1.32,0.8376,359.78,0.95,0.4458
352.87,1.6,0.839,359.78,0.95,0.4467
352.87,1.6,0.8404,359.78,0.91,0.4475
352.87,1.46,0.8415,359.78,0.73,0.4481
352.87,1.59,0.8428,359.78,0.73,0.4486
352.87,1.59,0.8442,359.78,0.7,0.449
352.87,1.52,0.8454,359.78,0.94,0.4499
352.87,1.43,0.8465,359.78,0.94,0.4508
352.87,1.43,0.8475,359.78,0.94,0.4517
352.87,1.35,0.8484,359.78,0.94,0.4525
352.87,1.74,0.85,359.78,1.07,0.4537
352.87,1.74,0.8516,359.78,1.09,0.4548
352.87,1.48,0.8527,359.78,1.09,0.4559
352.87,1.66,0.8542,359.78,1.14,0.4572
352.87,1.66,0.8556,359.78,0.98,0.4581
352.87,1.82,0.8574,359.78,0.98,0.459
352.87,1.82,0.8591,359.78,0.82,0.4597
352.87,1.85,0.8609,359.78,0.82,0.4603
352.87,1.71,0.8624,359.78,0.82,0.461
352.87,1.71,0.864,359.78,0.92,0.4618
352.87,1.6,0.8653,359.78,1.02,0.4628
352.87,1.71,0.8668,359.78,1.02,0.4638
352.87,1.71,0.8683,359.78,0.98,0.4647
352.87,1.75,0.8699,359.78,0.8,0.4653
352.87,1.93,0.8719,359.78,0.8,0.4659
352.87,1.93,0.8738,359.78,0.92,0.4668
352.87,1.63,0.8751,359.78,0.92,0.4676
352.87,1.77,0.8767,359.78,1.1,0.4687
352.87,1.77,0.8783,359.78,0.94,0.4696
352.87,1.91,0.8802,359.78,0.94,0.4704
352.87,1.87,0.882,359.78,0.98,0.4713
352.87,1.87,0.8837,359.78,1.06,0.4724
352.87,1.85,0.8855,359.78,1.06,0.4734
352.87,1.85,0.8872,359.78,0.88,0.4742
352.87,1.77,0.8888,359.78,0.91,0.475
352.87,1.82,0.8905,359.78,0.91,0.4758
352.87,1.82,0.8921,359.78,1.06,0.4768
352.87,1.88,0.8939,359.78,0.95,0.4777
352.87,1.66,0.8953,359.78,0.95,0.4785
352.87,1.66,0.8967,359.78,1.02,0.4795
352.87,1.93,0.8985,359.78,1.13,0.4806
352.87,2.03,0.9006,359.78,1.13,0.4818
352.87,2.03,0.9026,359.78,1.1,0.4829
352.87,1.66,0.904,359.78,1.1,0.484
352.87,1.91,0.9058,359.78,0.99,0.485
352.87,1.91,0.9076,359.78,0.95,0.4858
352.87,1.85,0.9093,359.78,0.95,0.4866
352.87,1.87,0.911,359.78,0.96,0.4875
352.87,1.87,0.9127,359.78,0.95,0.4883
352.87,1.56,0.9139,359.78,0.95,0.4892
352.87,1.56,0.915,359.78,1.11,0.4903
352.87,1.78,0.9166,359.78,0.99,0.4912
352.87,1.71,0.918,359.78,0.99,0.4921
352.87,1.71,0.9195,359.78,0.82,0.4927
352.87,1.85,0.9211,359.78,0.92,0.4934
352.87,1.69,0.9225,359.78,0.92,0.4942
352.87,1.69,0.9239,359.78,0.98,0.4951
352.87,1.78,0.9254,359.78,1.05,0.4961
352.87,1.87,0.9271,359.78,0.83,0.4967
352.87,1.87,0.9288,359.78,1.07,0.4977
352.87,1.79,0.9304,359.78,1.07,0.4988
352.87,1.77,0.9319,359.78,0.88,0.4995
352.87,1.77,0.9334,359.78,0.76,0.4999
352.87,1.69,0.9347,359.78,0.76,0.5004
352.87,1.69,0.9361,359.78,0.75,0.5008
352.87,1.82,0.9377,359.78,0.82,0.5014
352.87,1.7,0.939,359.78,0.82,0.502
352.87,1.7,0.9404,359.78,0.56,0.5021
352.87,1.81,0.942,359.78,0.62,0.5023
352.87,1.81,0.9435,359.78,0.62,0.5025
352.87,1.81,0.9451,359.78,0.67,0.5028
352.87,1.82,0.9467,359.78,0.99,0.5037
352.87,1.77,0.9482,359.78,0.99,0.5046
352.87,1.77,0.9496,359.78,0.9,0.5053
352.87,1.87,0.9513,359.78,0.91,0.506
352.87,1.79,0.9528,359.78,0.91,0.5067
352.87,1.79,0.9543,359.78,0.98,0.5076
352.87,1.66,0.9556,359.78,0.98,0.5084
352.87,1.71,0.9569,359.78,0.84,0.509
352.87,1.71,0.9583,359.78,0.88,0.5097
352.87,1.73,0.9597,359.78,0.88,0.5104
352.87,1.73,0.9611,359.78,1.03,0.5113
352.87,1.58,0.9622,359.78,0.8,0.5118
352.87,1.7,0.9635,359.78,0.8,0.5124
352.87,1.7,0.9648,359.78,0.9,0.5131
352.87,1.79,0.9663,359.78,0.76,0.5135
352.87,1.87,0.9679,359.78,0.76,0.5139
352.87,1.87,0.9696,359.78,0.88,0.5146
352.87,1.84,0.9711,359.78,0.87,0.5152
352.87,1.81,0.9726,359.78,0.87,0.5159
352.87,1.81,0.9741,359.78,0.76,0.5163
352.87,1.99,0.9759,359.78,0.76,0.5168
352.87,1.93,0.9777,359.78,0.62,0.517
352.87,1.93,0.9794,359.78,0.72,0.5173
352.87,1.94,0.9811,359.78,0.72,0.5177
352.87,1.82,0.9826,359.78,0.79,0.5182
352.87,1.82,0.9842,359.78,0.94,0.5189
352.87,1.92,0.9858,359.78,0.94,0.5197
352.87,1.92,0.9875,359.78,1.03,0.5206
352.87,2.04,0.9894,359.78,0.9,0.5213
352.87,2.04,0.9913,359.78,0.9,0.5219
352.87,2.04,0.9932,359.78,0.87,0.5226
352.87,1.79,0.9946,359.78,1.03,0.5235
352.87,1.85,0.9962,359.78,1.03,0.5244
352.87,1.85,0.9977,359.78,1.01,0.5253
352.87,2.07,0.9996,359.78,1.03,0.5262
352.87,1.85,1.0012,359.78,1.03,0.5271
352.87,1.85,1.0027,359.78,0.99,0.5279
352.87,1.91,1.0043,359.78,0.99,0.5288
352.87,1.93,1.006,359.78,1.16,0.5299
352.87,1.93,1.0076,359.78,0.94,0.5306
352.87,1.81,1.0091,359.78,0.94,0.5314
352.87,1.96,1.0108,359.78,1.05,0.5323
352.87,1.96,1.0125,359.78,1.01,0.5331
352.87,1.89,1.0141,359.78,1.01,0.534
352.87,1.89,1.0157,359.78,0.86,0.5346
352.87,1.79,1.0171,359.78,1.02,0.5355
352.87,2,1.0188,359.78,1.02,0.5363
352.87,2,1.0206,359.78,0.98,0.5371
352.87,1.87,1.0221,359.78,0.91,0.5378
352.87,1.75,1.0234,359.78,0.91,0.5385
352.87,1.75,1.0247,359.78,0.87,0.5391
352.87,1.88,1.0263,359.78,0.79,0.5395
352.87,1.74,1.0276,359.78,0.79,0.5399
352.87,1.74,1.0288,359.78,0.96,0.5407
352.87,1.62,1.0299,359.78,0.96,0.5415
352.87,1.71,1.0311,359.78,1.16,0.5426
352.87,1.71,1.0324,359.78,1.2,0.5438
352.87,1.88,1.0339,359.78,1.2,0.5449
352.87,1.94,1.0355,359.78,1.13,0.546
352.87,1.73,1.0368,359.78,1.25,0.5472
352.87,1.78,1.0381,359.78,1.25,0.5485
352.87,1.78,1.0394,359.78,1.16,0.5496
352.87,1.85,1.0409,359.78,1.3,0.551
352.87,1.96,1.0426,359.78,1.3,0.5523
352.87,1.96,1.0442,359.78,1.01,0.5531
352.87,1.82,1.0456,359.78,1.06,0.554
352.87,1.84,1.047,359.78,1.06,0.555
352.87,1.84,1.0484,359.78,1.17,0.5561
352.87,1.82,1.0498,359.78,1.1,0.557
352.87,1.66,1.0509,359.78,1.1,0.558
352.87,1.66,1.052,359.78,1.1,0.559
352.87,1.65,1.0531,359.78,1.1,0.56
352.87,1.87,1.0546,359.78,1.02,0.5608
352.87,1.87,1.056,359.78,0.88,0.5614
352.87,1.7,1.0572,359.78,0.88,0.562
352.87,1.7,1.0583,359.78,0.92,0.5626
352.87,1.81,1.0597,359.78,0.99,0.5634
352.87,2,1.0614,359.78,0.99,0.5642
352.87,2,1.0631,359.78,0.73,0.5645
352.87,1.84,1.0645,359.78,0.86,0.565
352.87,1.62,1.0655,359.78,0.86,0.5655
352.87,1.62,1.0665,359.78,0.98,0.5663
352.87,1.81,1.0678,359.78,1.05,0.5671
352.87,1.79,1.0691,359.78,1.05,0.568
352.87,1.79,1.0704,359.78,0.9,0.5686
352.87,1.94,1.072,359.78,0.76,0.5689
352.87,1.85,1.0734,359.78,0.98,0.5697
352.87,1.85,1.0748,359.78,0.99,0.5704
352.87,1.78,1.0761,359.78,0.99,0.5712
352.87,2,1.0777,359.78,1.22,0.5724
352.87,2,1.0794,359.78,1.24,0.5735
352.87,2.05,1.0811,359.78,1.24,0.5747
352.87,2.05,1.0829,359.78,1.03,0.5756
352.87,2,1.0845,359.78,1.14,0.5766
352.87,2.01,1.0862,359.78,1.14,0.5776
352.87,2.01,1.0879,359.78,1.14,0.5786
352.87,1.89,1.0893,359.78,1.1,0.5795
352.87,1.84,1.0907,359.78,1.1,0.5805
352.87,1.84,1.092,359.78,0.96,0.5812
352.87,1.94,1.0935,359.78,1.07,0.5821
352.87,1.84,1.0949,359.78,1.07,0.583
352.87,1.84,1.0962,359.78,1.11,0.5839
352.87,1.96,1.0978,359.78,1.06,0.5848
352.87,2.12,1.0996,359.78,1.06,0.5856
352.87,2.12,1.1014,359.78,1.13,0.5866
352.87,2.07,1.1032,359.78,1.13,0.5876
352.87,1.75,1.1044,359.78,1.1,0.5885
352.87,1.75,1.1055,359.78,1.21,0.5896
352.87,1.93,1.107,359.78,1.21,0.5907
352.87,1.93,1.1085,359.78,1.21,0.5918
352.87,2.03,1.1101,359.78,0.96,0.5925
352.87,1.89,1.1116,359.78,0.96,0.5932
352.87,1.89,1.113,359.78,0.98,0.5939
352.87,1.93,1.1144,359.78,0.94,0.5945
352.87,1.75,1.1156,359.78,0.94,0.5951
352.87,1.75,1.1167,359.78,1.03,0.5959
352.87,1.89,1.1181,359.78,0.88,0.5964
352.87,1.7,1.1192,359.78,0.88,0.5969
352.87,1.7,1.1202,359.78,1.17,0.598
352.87,1.92,1.1217,359.78,1.17,0.599
352.87,1.88,1.123,359.78,1.03,0.5998
352.87,1.88,1.1244,359.78,0.94,0.6004
352.87,1.87,1.1257,359.78,0.94,0.601
352.87,2.04,1.1274,359.78,1.11,0.6019
352.87,2.04,1.129,359.78,1.09,0.6028
352.87,1.94,1.1305,359.78,1.09,0.6037
352.87,1.94,1.1319,359.78,1.05,0.6045
352.87,2.01,1.1335,359.78,0.99,0.6052
352.87,2.12,1.1353,359.78,0.99,0.6058
352.87,2.12,1.1371,359.78,1.05,0.6066
352.87,2.23,1.139,359.78,1.02,0.6074
352.87,2,1.1406,359.78,1.02,0.6081
352.87,2,1.1421,359.78,1.06,0.6089
352.87,2.05,1.1438,359.78,0.86,0.6094
352.87,2.07,1.1454,359.78,0.86,0.6098
352.87,2.07,1.1471,359.78,0.95,0.6104
352.87,1.94,1.1485,359.78,0.95,0.611
352.87,2.08,1.1502,359.78,1.07,0.6119
352.87,2.08,1.1519,359.78,0.9,0.6124
352.87,2.23,1.1538,359.78,0.9,0.6129
352.87,2.41,1.1561,359.78,1.14,0.6139
352.87,2.19,1.1579,359.78,1.01,0.6146
352.87,2.29,1.16,359.78,1.01,0.6153
352.87,2.29,1.162,359.78,1.07,0.6161
352.87,2.01,1.1635,359.78,1.1,0.617
352.87,1.99,1.165,359.78,1.1,0.6178
352.87,1.99,1.1665,359.78,1.06,0.6186
352.87,2.13,1.1682,359.78,1.07,0.6195
352.87,2.12,1.17,359.78,1.07,0.6203
352.87,2.12,1.1717,359.78,1.03,0.621
352.87,2.12,1.1734,359.78,0.96,0.6216
352.87,2.04,1.1749,359.78,0.96,0.6223
352.87,2.04,1.1765,359.78,0.99,0.6229
352.87,2.12,1.1782,359.78,0.99,0.6236
352.87,2.1,1.1798,359.78,1.1,0.6244
352.87,2.1,1.1815,359.78,0.95,0.625
352.87,2.1,1.1831,359.78,0.95,0.6256
352.87,2.04,1.1847,359.78,1.11,0.6265
352.87,2.04,1.1862,359.78,1.18,0.6275
352.87,1.91,1.1875,359.78,1.18,0.6285
352.87,1.91,1.1888,359.78,1.05,0.6293
352.87,1.92,1.1901,359.78,1.02,0.63
352.87,2.12,1.1918,359.78,1.02,0.6307
352.87,2.12,1.1935,359.78,0.99,0.6313
352.87,2.05,1.195,359.78,0.99,0.632
352.87,2.01,1.1965,359.78,0.99,0.6326
352.87,2.01,1.198,359.78,1.06,0.6334
352.87,1.78,1.199,359.78,1.03,0.6341
352.87,1.88,1.2002,359.78,1.03,0.6348
352.87,1.88,1.2014,359.78,1.18,0.6358
352.87,1.97,1.2028,359.78,1.18,0.6368
352.87,1.84,1.204,359.78,1.28,0.6379
352.87,1.84,1.2051,359.78,1.16,0.6389
352.87,1.84,1.2062,359.78,1.16,0.6398
352.87,1.84,1.2074,359.78,1.14,0.6407
352.87,1.88,1.2086,359.78,1.22,0.6418
352.87,1.97,1.21,359.78,1.22,0.6428
352.87,1.97,1.2113,359.78,1.22,0.6438
352.87,1.89,1.2126,359.78,1.1,0.6447
352.87,1.97,1.2139,359.78,1.1,0.6455
352.87,1.97,1.2153,359.78,1.18,0.6465
352.87,2.04,1.2168,359.78,1.14,0.6473
352.87,2.05,1.2183,359.78,1.14,0.6482
352.87,2.05,1.2198,359.78,1.17,0.6492
352.87,1.92,1.221,359.78,1.05,0.6499
352.87,1.93,1.2223,359.78,1.27,0.651
352.87,1.93,1.2236,359.78,1.1,0.6518
352.87,1.88,1.2248,359.78,1.1,0.6526
352.87,2,1.2262,359.78,1.28,0.6537
352.87,2,1.2276,359.78,1.33,0.655
352.87,1.84,1.2287,359.78,1.33,0.6562
352.87,1.84,1.2298,359.78,1.17,0.6571
352.87,2,1.2311,359.78,1.03,0.6578
352.87,1.89,1.2323,359.78,1.03,0.6585
352.87,1.89,1.2335,359.78,1.06,0.6592
352.87,1.88,1.2347,359.78,1.02,0.6598
352.87,1.99,1.236,359.78,1.02,0.6605
352.87,1.99,1.2374,359.78,0.9,0.6609
352.87,2.07,1.2389,359.78,1.16,0.6618
352.87,1.96,1.2402,359.78,1.16,0.6627
352.87,1.96,1.2415,359.78,1.13,0.6635
352.87,1.88,1.2426,359.78,1.13,0.6643
352.87,1.93,1.2438,359.78,1.05,0.665
352.87,1.93,1.2451,359.78,1.09,0.6658
352.87,1.79,1.2461,359.78,1.09,0.6666
352.87,1.91,1.2473,359.78,1.27,0.6676
352.87,1.91,1.2484,359.78,1.11,0.6684
352.87,1.97,1.2497,359.78,1.11,0.6692
352.87,1.97,1.251,359.78,1.13,0.6701
352.87,2.05,1.2525,359.78,1.16,0.6709
352.87,2.08,1.254,359.78,1.16,0.6718
352.87,2.08,1.2555,359.78,0.91,0.6722
352.87,2.03,1.2569,359.78,1.01,0.6728
352.87,2.12,1.2584,359.78,1.01,0.6734
352.87,2.12,1.26,359.78,1.11,0.6742
352.87,1.93,1.2612,359.78,1.25,0.6753
352.87,1.94,1.2624,359.78,1.25,0.6763
352.87,1.94,1.2636,359.78,1.4,0.6776
352.87,1.87,1.2647,359.78,1.4,0.6789
352.87,2.07,1.2662,359.78,1.29,0.68
352.87,2.07,1.2676,359.78,1.22,0.681
352.87,1.85,1.2687,359.78,1.22,0.682
352.87,1.77,1.2695,359.78,1.24,0.683
352.87,1.77,1.2704,359.78,1.18,0.6839
352.87,1.87,1.2715,359.78,1.18,0.6848
352.87,1.87,1.2726,359.78,1.18,0.6857
352.87,1.96,1.2738,,,
352.87,1.93,1.275,,,
352.87,1.93,1.2762,,,
352.87,1.81,1.2771,,,
352.87,1.87,1.2782,,,
352.87,1.87,1.2793,,,
352.87,2.11,1.2807,,,
352.87,2.01,1.2821,,,
352.87,2.01,1.2834,,,
352.87,1.75,1.2842,,,
352.87,2.08,1.2857,,,
352.87,2.08,1.2871,,,
352.87,1.96,1.2883,,,
352.87,1.93,1.2895,,,
352.87,1.93,1.2906,,,
352.87,1.89,1.2917,,,
352.87,1.89,1.2928,,,
352.87,1.88,1.2938,,,
352.87,2,1.2951,,,
352.87,2,1.2964,,,
352.87,2,1.2976,,,
352.87,1.85,1.2986,,,
352.87,1.85,1.2996,,,
352.87,1.92,1.3007,,,
352.87,1.89,1.3018,,,
352.87,1.89,1.3029,,,
352.87,1.82,1.3038,,,
352.87,1.87,1.3048,,,
352.87,1.87,1.3058,,,
352.87,1.89,1.3069,,,
352.87,1.92,1.308,,,
352.87,1.92,1.3091,,,
352.87,1.97,1.3103,,,
352.87,1.97,1.3115,,,
352.87,1.7,1.3122,,,
352.87,1.94,1.3133,,,
352.87,1.94,1.3144,,,
352.87,1.94,1.3156,,,
352.87,2.16,1.3171,,,
352.87,2.16,1.3186,,,
352.87,2,1.3199,,,
352.87,2.08,1.3212,,,
352.87,2.08,1.3226,,,
352.87,2.13,1.3241,,,
352.87,2.07,1.3254,,,
352.87,2.07,1.3267,,,
352.87,2.03,1.328,,,
352.87,2.03,1.3292,,,
352.87,2.11,1.3306,,,
352.87,2.16,1.3321,,,
352.87,2.16,1.3336,,,
352.87,2.15,1.3351,,,
352.87,2.13,1.3366,,,
352.87,2.13,1.338,,,
352.87,2.23,1.3396,,,
352.87,1.82,1.3405,,,
352.87,1.82,1.3413,,,
352.87,1.94,1.3424,,,
352.87,2.04,1.3437,,,
352.87,2.04,1.3449,,,
352.87,1.97,1.3461,,,
352.87,1.99,1.3472,,,
352.87,1.99,1.3484,,,
352.87,1.93,1.3494,,,
352.87,1.93,1.3505,,,
352.87,1.73,1.3511,,,
352.87,1.94,1.3522,,,
352.87,1.94,1.3533,,,
352.87,1.94,1.3543,,,
352.87,1.89,1.3553,,,
352.87,1.89,1.3563,,,
352.87,2.04,1.3575,,,
352.87,1.77,1.3582,,,
352.87,1.77,1.359,,,
352.87,1.79,1.3598,,,
352.87,1.97,1.3609,,,
352.87,1.97,1.362,,,
352.87,2.05,1.3632,,,
352.87,2.08,1.3645,,,
352.87,2.08,1.3658,,,
352.87,1.92,1.3668,,,
352.87,1.92,1.3678,,,
352.87,2.01,1.3689,,,
352.87,1.93,1.37,,,
352.87,1.93,1.371,,,
352.87,2.01,1.3721,,,
352.87,1.97,1.3732,,,
352.87,1.97,1.3743,,,
352.87,2.01,1.3754,,,
352.87,2.03,1.3766,,,
352.87,2.03,1.3778,,,
352.87,1.77,1.3785,,,
352.87,2.04,1.3797,,,
352.87,2.04,1.3809,,,
352.87,1.78,1.3816,,,
352.87,2.11,1.3829,,,
352.87,2.11,1.3842,,,
352.87,2.05,1.3854,,,
352.87,2.05,1.3866,,,
352.87,1.94,1.3876,,,
352.87,1.81,1.3884,,,
352.87,1.81,1.3891,,,
352.87,1.96,1.3901,,,
352.87,1.92,1.3911,,,
352.87,1.92,1.392,,,
352.87,1.97,1.3931,,,
352.87,1.71,1.3937,,,
352.87,1.71,1.3942,,,
352.87,1.85,1.3951,,,
352.87,2,1.3961,,,
352.87,2,1.3972,,,
352.87,1.99,1.3983,,,
352.87,1.84,1.3991,,,
352.87,2.05,1.4003,,,
352.87,2.08,1.4015,,,
352.87,2.08,1.4027,,,
352.87,2.1,1.404,,,
352.87,2.12,1.4052,,,
352.87,2.12,1.4065,,,
352.87,1.92,1.4075,,,
352.87,1.82,1.4082,,,
352.87,1.82,1.409,,,
352.87,2,1.41,,,
352.87,1.84,1.4108,,,
352.87,1.84,1.4116,,,
352.87,1.84,1.4123,,,
352.87,2.07,1.4135,,,
352.87,2.07,1.4147,,,
352.87,2.11,1.4159,,,
352.87,2.15,1.4172,,,
352.87,2.15,1.4186,,,
352.87,2.07,1.4197,,,
352.87,2.07,1.4209,,,
352.87,1.88,1.4217,,,
352.87,2.2,1.4231,,,
352.87,2.2,1.4245,,,
352.87,2.24,1.426,,,
352.87,2.26,1.4275,,,
352.87,2.26,1.429,,,
352.87,2.18,1.4303,,,
352.87,2.39,1.4321,,,
352.87,2.39,1.4338,,,
352.87,2.2,1.4352,,,
352.87,2.33,1.4368,,,
352.87,2.33,1.4384,,,
352.87,2.26,1.4399,,,
352.87,2.26,1.4413,,,
352.87,2.07,1.4425,,,
352.87,2.13,1.4437,,,
352.87,2.13,1.4449,,,
352.87,2.13,1.4462,,,
352.87,2.16,1.4475,,,
352.87,2.16,1.4488,,,
352.87,2.29,1.4503,,,
352.87,2.31,1.4518,,,
352.87,2.31,1.4534,,,
352.87,2.37,1.455,,,
352.87,2.24,1.4564,,,
352.87,2.24,1.4579,,,
352.87,2.23,1.4592,,,
352.87,2.2,1.4606,,,
352.87,2.2,1.4619,,,
352.87,2.11,1.4631,,,
352.87,2.11,1.4642,,,
352.87,2.04,1.4653,,,
352.87,2.11,1.4664,,,
352.87,2.11,1.4676,,,
352.87,2.15,1.4688,,,
352.87,2.18,1.4701,,,
352.87,2.18,1.4714,,,
352.87,2.19,1.4727,,,
352.87,2.23,1.474,,,
352.87,2.23,1.4754,,,
352.87,2.31,1.4769,,,
352.87,2.19,1.4782,,,
352.87,2.19,1.4795,,,
352.87,2.08,1.4805,,,
352.87,2.33,1.4821,,,
352.87,2.33,1.4836,,,
352.87,2.37,1.4852,,,
352.87,2.37,1.4868,,,
352.87,2.23,1.4881,,,
352.87,2.13,1.4893,,,
352.87,2.13,1.4904,,,
352.87,2.22,1.4917,,,
352.87,2.27,1.4931,,,
352.87,2.27,1.4945,,,
352.87,2.16,1.4957,,,
352.87,2.04,1.4967,,,
352.87,2.04,1.4977,,,
352.87,2.15,1.4989,,,
352.87,2.27,1.5003,,,
352.87,2.27,1.5017,,,
352.87,2.38,1.5032,,,
352.87,2.07,1.5043,,,
352.87,2.07,1.5053,,,
352.87,2.03,1.5062,,,
352.87,2.03,1.5071,,,
352.87,2.01,1.508,,,
352.87,2.1,1.5091,,,
352.87,2.1,1.5102,,,
352.87,1.93,1.5109,,,
352.87,1.92,1.5117,,,
352.87,1.92,1.5124,,,
352.87,2.15,1.5135,,,
352.87,2.19,1.5147,,,
352.87,2.19,1.516,,,
352.87,2,1.5168,,,
352.87,1.96,1.5176,,,
352.87,1.96,1.5184,,,
352.87,1.82,1.519,,,
352.87,1.91,1.5197,,,
352.87,1.91,1.5204,,,
352.87,1.97,1.5212,,,
352.87,1.97,1.522,,,
352.87,2.13,1.5231,,,
352.87,2.1,1.5241,,,
352.87,2.1,1.5251,,,
352.87,2.05,1.5261,,,
352.87,1.96,1.5269,,,
352.87,1.96,1.5277,,,
352.87,2.05,1.5286,,,
352.87,2.01,1.5295,,,
352.87,2.01,1.5303,,,
352.87,1.94,1.5311,,,
352.87,1.99,1.5319,,,
352.87,1.99,1.5327,,,
352.87,2,1.5336,,,
352.87,2.16,1.5347,,,
352.87,2.16,1.5358,,,
352.87,1.92,1.5365,,,
352.87,1.92,1.5372,,,
352.87,1.96,1.538,,,
352.87,2.04,1.5389,,,
352.87,2.04,1.5398,,,
352.87,2.11,1.5408,,,
352.87,2.13,1.5419,,,
352.87,2.13,1.5429,,,
352.87,2.16,1.5441,,,
352.87,2.37,1.5455,,,
352.87,2.37,1.547,,,
352.87,2.23,1.5482,,,
352.87,2.08,1.5492,,,
352.87,2.08,1.5502,,,
352.87,2.33,1.5516,,,
352.87,2.33,1.5529,,,
352.87,2.46,1.5546,,,
352.87,2.45,1.5562,,,
352.87,2.45,1.5578,,,
352.87,2.48,1.5595,,,
352.87,2.01,1.5603,,,
352.87,2.01,1.5611,,,
352.87,2.16,1.5622,,,
352.87,2.24,1.5634,,,
352.87,2.24,1.5646,,,
352.87,2.1,1.5656,,,
352.87,2.22,1.5668,,,
352.87,2.22,1.5679,,,
352.87,2.07,1.5688,,,
352.87,2.12,1.5698,,,
352.87,2.12,1.5708,,,
352.87,2.22,1.572,,,
352.87,2.22,1.5731,,,
352.87,2.15,1.5742,,,
352.87,2.12,1.5752,,,
352.87,2.12,1.5761,,,
352.87,2.33,1.5775,,,
352.87,2.12,1.5785,,,
352.87,2.12,1.5794,,,
352.87,2.37,1.5809,,,
352.87,2.26,1.5821,,,
352.87,2.26,1.5833,,,
352.87,2.18,1.5844,,,
352.87,2.27,1.5856,,,
352.87,2.27,1.5868,,,
352.87,2.13,1.5878,,,
352.87,2.26,1.589,,,
352.87,2.26,1.5902,,,
352.87,2.03,1.591,,,
352.87,2.03,1.5918,,,
352.87,2.34,1.5932,,,
352.87,2.33,1.5945,,,
352.87,2.33,1.5958,,,
352.87,2.31,1.5971,,,
352.87,2.05,1.5979,,,
352.87,2.05,1.5987,,,
352.87,2.19,1.5998,,,
352.87,2.33,1.6011,,,
352.87,2.33,1.6024,,,
352.87,2.33,1.6037,,,
352.87,2.33,1.605,,,
352.87,2.33,1.6063,,,
352.87,2.45,1.6078,,,
352.87,2.54,1.6095,,,
352.87,2.11,1.6104,,,
352.87,2.08,1.6112,,,
352.87,2.08,1.6121,,,
352.87,2.26,1.6133,,,
352.87,2.26,1.6144,,,
352.87,2.26,1.6156,,,
352.87,2.29,1.6168,,,
352.87,2.19,1.6178,,,
352.87,2.19,1.6188,,,
352.87,1.93,1.6194,,,
352.87,2.3,1.6206,,,
352.87,2.3,1.6219,,,
352.87,2.15,1.6228,,,
352.87,2.12,1.6237,,,
352.87,2.12,1.6246,,,
352.87,2.19,1.6256,,,
352.87,2.11,1.6265,,,
352.87,2.33,1.6277,,,
352.87,2.13,1.6287,,,
352.87,2.13,1.6296,,,
352.87,2.31,1.6308,,,
352.87,2.05,1.6316,,,
352.87,2.05,1.6323,,,
352.87,2.23,1.6334,,,
352.87,2.1,1.6342,,,
352.87,2.1,1.635,,,
352.87,2.15,1.636,,,
352.87,2.22,1.637,,,
352.87,2.22,1.6381,,,
352.87,2.24,1.6391,,,
352.87,2.12,1.64,,,
352.87,2.12,1.6409,,,
352.87,1.99,1.6415,,,
352.87,1.99,1.6421,,,
352.87,2.1,1.6429,,,
352.87,2.13,1.6438,,,
352.87,2.13,1.6447,,,
352.87,2.33,1.6459,,,
352.87,2.24,1.647,,,
352.87,2.24,1.6481,,,
352.87,2.18,1.649,,,
352.87,2.1,1.6498,,,
352.87,2.1,1.6506,,,
352.87,2.16,1.6516,,,
352.87,2.23,1.6526,,,
352.87,2.23,1.6536,,,
352.87,2.13,1.6545,,,
352.87,1.94,1.655,,,
352.87,1.94,1.6556,,,
352.87,2.08,1.6563,,,
352.87,2.08,1.6571,,,
352.87,2.08,1.6579,,,
352.87,2.12,1.6587,,,
352.87,2.12,1.6595,,,
352.87,2.12,1.6604,,,
352.87,2.2,1.6613,,,
352.87,2.2,1.6623,,,
352.87,1.97,1.6629,,,
352.87,2.22,1.6639,,,
352.87,2.22,1.6649,,,
352.87,2.05,1.6656,,,
352.87,2.18,1.6665,,,
352.87,2.18,1.6674,,,
352.87,2.01,1.668,,,
352.87,1.96,1.6685,,,
352.87,1.96,1.6691,,,
352.87,2.16,1.67,,,
352.87,2.16,1.6708,,,
352.87,2.15,1.6717,,,
352.87,2.04,1.6724,,,
352.87,2.04,1.673,,,
352.87,1.96,1.6735,,,
352.87,2.01,1.6742,,,
352.87,2.01,1.6748,,,
352.87,2.1,1.6755,,,
352.87,2.11,1.6763,,,
352.87,2.11,1.6771,,,
352.87,2.1,1.6778,,,
352.87,1.87,1.6782,,,
352.87,1.87,1.6785,,,
352.87,1.96,1.679,,,
352.87,1.88,1.6794,,,
352.87,2.1,1.6801,,,
352.87,1.93,1.6806,,,
352.87,1.93,1.681,,,
352.87,2.1,1.6818,,,
352.87,2.13,1.6826,,,
352.87,2.13,1.6834,,,
352.87,2.13,1.6842,,,
352.87,2.1,1.6849,,,
352.87,2.1,1.6857,,,
352.87,1.94,1.6862,,,
352.87,2.04,1.6868,,,
352.87,2.04,1.6874,,,
352.87,2.19,1.6883,,,
352.87,2.1,1.6891,,,
352.87,2.1,1.6898,,,
352.87,1.85,1.6901,,,
352.87,1.85,1.6904,,,
352.87,1.99,1.6909,,,
352.87,1.85,1.6912,,,
352.87,1.85,1.6915,,,
352.87,1.85,1.6918,,,
352.87,2.05,1.6924,,,
352.87,2.05,1.6931,,,
352.87,2.11,1.6938,,,
352.87,2.11,1.6945,,,
352.87,2.11,1.6953,,,
352.87,2.29,1.6964,,,
352.87,2.29,1.6974,,,
352.87,2.29,1.6985,,,
352.87,2.29,1.6995,,,
352.87,2.26,1.7005,,,
352.87,2.26,1.7015,,,
352.87,2.1,1.7023,,,
352.87,2.1,1.703,,,
352.87,1.92,1.7033,,,
352.87,2.01,1.7039,,,
352.87,2.01,1.7045,,,
352.87,2.19,1.7053,,,
352.87,2.33,1.7065,,,
352.87,2.33,1.7076,,,
352.87,2.26,1.7086,,,
352.87,2.12,1.7093,,,
352.87,2.12,1.71,,,
352.87,2.07,1.7107,,,
352.87,2.11,1.7114,,,
352.87,2.11,1.7121,,,
352.87,2.07,1.7128,,,
352.87,2.01,1.7133,,,
352.87,2.01,1.7138,,,
352.87,1.96,1.7143,,,
352.87,1.96,1.7147,,,
352.87,2.12,1.7154,,,
352.87,2.22,1.7163,,,
352.87,2.22,1.7172,,,
352.87,2.05,1.7179,,,
352.87,2.19,1.7187,,,
352.87,2.19,1.7196,,,
352.87,2.27,1.7205,,,
352.87,2.29,1.7216,,,
352.87,2.29,1.7226,,,
352.87,2.27,1.7236,,,
352.87,2.34,1.7247,,,
352.87,2.34,1.7258,,,
352.87,2.12,1.7265,,,
352.87,2.26,1.7275,,,
352.87,2.26,1.7284,,,
352.87,2.1,1.7291,,,
352.87,2.1,1.7297,,,
352.87,2.19,1.7306,,,
352.87,2.23,1.7315,,,
352.87,2.23,1.7324,,,
352.87,2.29,1.7334,,,
352.87,1.93,1.7337,,,
352.87,1.93,1.7341,,,
352.87,2.15,1.7348,,,
352.87,2.16,1.7356,,,
352.87,2.16,1.7364,,,
352.87,1.99,1.7368,,,
352.87,2.08,1.7374,,,
352.87,2.08,1.7381,,,
352.87,2.07,1.7386,,,
352.87,2.05,1.7392,,,
352.87,2.05,1.7398,,,
352.87,2.03,1.7403,,,
352.87,2.03,1.7408,,,
352.87,2.11,1.7415,,,
352.87,1.88,1.7417,,,
352.87,1.88,1.742,,,
352.87,2.04,1.7425,,,
352.87,2.23,1.7434,,,
352.87,2.23,1.7442,,,
352.87,2.1,1.7449,,,
352.87,2.04,1.7454,,,
352.87,2.04,1.7459,,,
352.87,1.94,1.7463,,,
352.87,2,1.7467,,,
352.87,2,1.7472,,,
352.87,2.05,1.7478,,,
352.87,2.05,1.7483,,,
352.87,2.18,1.7491,,,
352.87,2.03,1.7496,,,
352.87,2.03,1.7501,,,
352.87,2.11,1.7507,,,
352.87,2.12,1.7514,,,
352.87,2.12,1.7521,,,
352.87,2.16,1.7528,,,
352.87,2.2,1.7536,,,
352.87,2.2,1.7544,,,
352.87,2.15,1.7551,,,
352.87,1.97,1.7555,,,
352.87,1.97,1.7559,,,
352.87,1.84,1.7561,,,
352.87,1.97,1.7564,,,
352.87,1.97,1.7568,,,
352.87,1.87,1.757,,,
352.87,1.87,1.7572,,,
352.87,1.93,1.7575,,,
352.87,2.12,1.7582,,,
352.87,2.12,1.7589,,,
352.87,2,1.7593,,,
352.87,2.12,1.7599,,,
352.87,2.12,1.7606,,,
352.87,2.15,1.7613,,,
352.87,2.08,1.7619,,,
352.87,2.08,1.7624,,,
352.87,1.87,1.7626,,,
352.87,1.99,1.763,,,
352.87,1.99,1.7634,,,
352.87,2.08,1.764,,,
352.87,2.01,1.7645,,,
352.87,2.01,1.7649,,,
352.87,2,1.7653,,,
352.87,2,1.7658,,,
352.87,1.97,1.7661,,,
352.87,1.97,1.7665,,,
352.87,1.97,1.7669,,,
352.87,1.81,1.7669,,,
352.87,1.78,1.767,,,
352.87,1.78,1.767,,,
352.87,1.88,1.7672,,,
352.87,2.1,1.7678,,,
352.87,2.1,1.7684,,,
352.87,1.88,1.7686,,,
352.87,1.82,1.7687,,,
352.87,1.82,1.7688,,,
352.87,1.88,1.769,,,
352.87,1.97,1.7693,,,
352.87,1.97,1.7697,,,
352.87,1.85,1.7698,,,
352.87,1.85,1.77,,,
352.87,1.84,1.7701,,,
352.87,1.91,1.7703,,,
352.87,1.91,1.7706,,,
352.87,1.73,1.7705,,,
352.87,1.88,1.7707,,,
352.87,1.88,1.7709,,,
352.87,1.84,1.771,,,
352.87,1.88,1.7712,,,
352.87,1.88,1.7714,,,
352.87,1.92,1.7716,,,
352.87,1.7,1.7715,,,
352.87,1.7,1.7714,,,
352.87,1.66,1.7712,,,
352.87,1.7,1.7711,,,
352.87,1.7,1.7709,,,
352.87,1.78,1.771,,,
352.87,1.78,1.771,,,
352.87,1.75,1.7709,,,
352.87,1.81,1.771,,,
352.87,1.81,1.7711,,,
352.87,1.82,1.7712,,,
352.87,1.96,1.7715,,,
352.87,1.96,1.7718,,,
352.87,1.63,1.7716,,,
352.87,1.93,1.7719,,,
352.87,1.93,1.7722,,,
352.87,1.88,1.7724,,,
352.87,1.85,1.7725,,,
352.87,1.85,1.7726,,,
352.87,2.08,1.7732,,,
352.87,2.16,1.7739,,,
352.87,1.94,1.7742,,,
352.87,1.88,1.7744,,,
352.87,1.88,1.7746,,,
352.87,1.88,1.7747,,,
352.87,1.84,1.7749,,,
352.87,1.84,1.775,,,
352.87,1.91,1.7752,,,
352.87,2.03,1.7757,,,
352.87,2.03,1.7761,,,
352.87,1.94,1.7764,,,
352.87,1.92,1.7767,,,
352.87,1.92,1.7769,,,
352.87,1.89,1.7771,,,
352.87,1.87,1.7773,,,
352.87,1.87,1.7774,,,
352.87,1.97,1.7778,,,
352.87,1.97,1.7781,,,
352.87,1.88,1.7783,,,
352.87,1.99,1.7787,,,
352.87,1.99,1.7791,,,
352.87,1.82,1.7792,,,
352.87,1.92,1.7794,,,
352.87,1.92,1.7797,,,
352.87,2,1.7801,,,
352.87,1.96,1.7804,,,
352.87,1.96,1.7807,,,
352.87,1.97,1.781,,,
352.87,1.89,1.7812,,,
352.87,1.89,1.7814,,,
352.87,1.97,1.7818,,,
352.87,1.91,1.782,,,
352.87,1.91,1.7822,,,
352.87,1.93,1.7825,,,
352.87,1.93,1.7828,,,
352.87,1.97,1.7831,,,
352.87,1.75,1.7831,,,
352.87,1.75,1.783,,,
352.87,1.81,1.783,,,
352.87,2.1,1.7836,,,
352.87,2.1,1.7842,,,
352.87,1.89,1.7844,,,
352.87,1.79,1.7844,,,
352.87,1.79,1.7844,,,
352.87,1.85,1.7845,,,
352.87,1.77,1.7845,,,
352.87,1.77,1.7845,,,
352.87,1.89,1.7846,,,
352.87,1.88,1.7848,,,
352.87,1.88,1.785,,,
352.87,1.87,1.7851,,,
352.87,1.87,1.7853,,,
352.87,1.92,1.7855,,,
352.87,1.92,1.7857,,,
352.87,1.92,1.786,,,
352.87,1.96,1.7863,,,
352.87,1.67,1.7861,,,
352.87,1.67,1.7859,,,
352.87,1.93,1.7861,,,
352.87,1.96,1.7865,,,
352.87,1.96,1.7868,,,
352.87,1.97,1.7871,,,
352.87,1.94,1.7874,,,
352.87,1.94,1.7877,,,
352.87,2,1.788,,,
352.87,1.96,1.7884,,,
352.87,1.96,1.7887,,,
352.87,1.91,1.7889,,,
352.87,1.91,1.7891,,,
352.87,2.05,1.7896,,,
352.87,1.92,1.7898,,,
352.87,1.92,1.79,,,
352.87,1.96,1.7903,,,
352.87,1.77,1.7903,,,
352.87,1.77,1.7902,,,
352.87,2.13,1.7909,,,
352.87,2.05,1.7913,,,
352.87,2.05,1.7918,,,
352.87,1.99,1.7921,,,
352.87,1.93,1.7924,,,
352.87,1.93,1.7927,,,
352.87,1.82,1.7927,,,
352.87,1.97,1.793,,,
352.87,1.75,1.793,,,
352.87,1.81,1.793,,,
352.87,1.81,1.793,,,
352.87,1.88,1.7932,,,
352.87,1.91,1.7934,,,
352.87,1.91,1.7936,,,
352.87,1.92,1.7938,,,
352.87,1.73,1.7937,,,
352.87,1.73,1.7936,,,
352.87,1.81,1.7936,,,
352.87,1.77,1.7935,,,
352.87,1.77,1.7935,,,
352.87,1.85,1.7936,,,
352.87,1.89,1.7938,,,
352.87,1.89,1.7939,,,
352.87,1.92,1.7942,,,
352.87,1.96,1.7945,,,
352.87,1.96,1.7948,,,
352.87,1.88,1.7949,,,
352.87,1.88,1.795,,,
352.87,2.04,1.7955,,,
352.87,1.84,1.7956,,,
352.87,1.84,1.7956,,,
352.87,1.88,1.7958,,,
352.87,1.97,1.7961,,,
352.87,1.97,1.7964,,,
352.87,1.92,1.7966,,,
352.87,2.05,1.7971,,,
352.87,2.05,1.7976,,,
352.87,2.16,1.7982,,,
352.87,2.11,1.7988,,,
352.87,2.11,1.7993,,,
352.87,2.19,1.8,,,
352.87,2.19,1.8007,,,
352.87,2.2,1.8015,,,
352.87,2.29,1.8023,,,
352.87,2.29,1.8032,,,
352.87,2.18,1.8039,,,
352.87,2.11,1.8044,,,
352.87,2.11,1.805,,,
352.87,2.07,1.8054,,,
352.87,2.03,1.8058,,,
352.87,2.03,1.8062,,,
352.87,2.1,1.8068,,,
352.87,2.05,1.8072,,,
352.87,2.05,1.8076,,,
352.87,2.13,1.8082,,,
352.87,1.89,1.8084,,,
352.87,1.89,1.8085,,,
352.87,2.07,1.809,,,
352.87,2.07,1.8095,,,
352.87,2.11,1.81,,,
352.87,2.16,1.8106,,,
352.87,2.16,1.8113,,,
352.87,2.24,1.812,,,
352.87,2.18,1.8127,,,
352.87,2.18,1.8134,,,
352.87,2.31,1.8143,,,
352.87,2.52,1.8155,,,
352.87,2.52,1.8168,,,
352.87,2.24,1.8175,,,
352.87,2.39,1.8186,,,
352.87,2.39,1.8196,,,
352.87,2.15,1.8202,,,
352.87,2.27,1.821,,,
352.87,2.27,1.8218,,,
352.87,2.33,1.8227,,,
352.87,2.33,1.8236,,,
352.87,1.94,1.8239,,,
352.87,2.33,1.8248,,,
352.87,2.33,1.8257,,,
352.87,2.22,1.8264,,,
352.87,2.24,1.8271,,,
352.87,2.24,1.8279,,,
352.87,2.11,1.8284,,,
352.87,2.11,1.8289,,,
352.87,2.11,1.8294,,,
352.87,2.23,1.8301,,,
352.87,2.16,1.8307,,,
352.87,2.16,1.8313,,,
352.87,2.19,1.832,,,
352.87,2.22,1.8326,,,
352.87,2.22,1.8333,,,
352.87,2.38,1.8343,,,
352.87,2.38,1.8353,,,
352.87,2.29,1.8361,,,
352.87,2.11,1.8366,,,
352.87,2.11,1.8371,,,
352.87,2.24,1.8378,,,
352.87,2.3,1.8387,,,
352.87,2.3,1.8395,,,
352.87,2.33,1.8404,,,
352.87,2.18,1.841,,,
352.87,2.18,1.8416,,,
352.87,2.29,1.8424,,,
352.87,2.24,1.8431,,,
352.87,2.24,1.8438,,,
352.87,2.39,1.8448,,,
352.87,2.26,1.8455,,,
352.87,2.48,1.8467,,,
352.87,2.13,1.8472,,,
352.87,2.13,1.8477,,,
352.87,2.31,1.8486,,,
352.87,2.19,1.8492,,,
352.87,2.19,1.8498,,,
352.87,2.45,1.8509,,,
352.87,2.24,1.8516,,,
352.87,2.24,1.8523,,,
352.87,2.18,1.8529,,,
352.87,2.22,1.8535,,,
352.87,2.22,1.8542,,,
352.87,2.11,1.8546,,,
352.87,2.08,1.855,,,
352.87,2.08,1.8554,,,
352.87,2.19,1.856,,,
352.87,2.15,1.8566,,,
352.87,2.15,1.8571,,,
352.87,2.04,1.8574,,,
352.87,2.04,1.8578,,,
352.87,2.1,1.8582,,,
352.87,2.15,1.8587,,,
352.87,2.15,1.8592,,,
352.87,2.2,1.8598,,,
352.87,2.13,1.8603,,,
352.87,2.13,1.8608,,,
352.87,2.08,1.8612,,,
352.87,2.33,1.8621,,,
352.87,2.33,1.8629,,,
352.87,2.37,1.8638,,,
352.87,2.29,1.8646,,,
352.87,2.29,1.8653,,,
352.87,2.31,1.8661,,,
352.87,2.31,1.8669,,,
352.87,2.1,1.8673,,,
352.87,2.11,1.8678,,,
352.87,2.11,1.8682,,,
352.87,2.31,1.869,,,
352.87,2.19,1.8696,,,
352.87,2.19,1.8702,,,
352.87,2.12,1.8706,,,
352.87,2.05,1.8709,,,
352.87,2.05,1.8713,,,
352.87,2.12,1.8717,,,
352.87,2.15,1.8722,,,
352.87,2.15,1.8727,,,
352.87,2.23,1.8734,,,
352.87,2.12,1.8738,,,
352.87,2.12,1.8743,,,
352.87,2.04,1.8746,,,
352.87,2.04,1.8749,,,
352.87,2,1.8751,,,
352.87,2.08,1.8754,,,
352.87,2.08,1.8758,,,
352.87,1.94,1.8759,,,
352.87,2.01,1.8762,,,
352.87,2.01,1.8764,,,
352.87,2.13,1.8769,,,
352.87,2.12,1.8773,,,
352.87,2.12,1.8778,,,
352.87,2.07,1.8781,,,
352.87,2.13,1.8786,,,
352.87,2.13,1.879,,,
352.87,2.01,1.8793,,,
352.87,2.12,1.8797,,,
352.87,2.12,1.8802,,,
352.87,2.08,1.8805,,,
352.87,2.08,1.8809,,,
352.87,2.23,1.8815,,,
352.87,2.18,1.882,,,
352.87,2.18,1.8826,,,
352.87,2.08,1.8829,,,
352.87,2.3,1.8837,,,
352.87,2.3,1.8844,,,
352.87,2.26,1.8851,,,
352.87,2.23,1.8857,,,
352.87,2.23,1.8863,,,
352.87,2.39,1.8873,,,
352.87,2.08,1.8876,,,
352.87,2.08,1.888,,,
352.87,2.13,1.8884,,,
352.87,2.1,1.8888,,,
352.87,2.1,1.8891,,,
352.87,2.2,1.8897,,,
352.87,2.2,1.8903,,,
352.87,2.13,1.8907,,,
352.87,2.12,1.8911,,,
352.87,2.12,1.8916,,,
352.87,2.27,1.8922,,,
352.87,2.33,1.893,,,
352.87,2.33,1.8938,,,
352.87,2.1,1.8942,,,
352.87,2.15,1.8946,,,
352.87,2.15,1.8951,,,
352.87,2.23,1.8957,,,
352.87,2.1,1.896,,,
352.87,2.1,1.8964,,,
352.87,2.18,1.8969,,,
352.87,2.08,1.8972,,,
352.87,2.08,1.8976,,,
352.87,2.29,1.8983,,,
352.87,2.29,1.899,,,
352.87,2.39,1.8998,,,
352.87,2.18,1.9003,,,
352.87,2.18,1.9008,,,
352.87,2.33,1.9016,,,
352.87,2.16,1.9021,,,
352.87,2.16,1.9026,,,
352.87,2.12,1.9029,,,
352.87,2.18,1.9034,,,
352.87,2.18,1.9039,,,
352.87,2.37,1.9048,,,
352.87,2.46,1.9058,,,
352.87,2.46,1.9068,,,
352.87,2.35,1.9076,,,
352.87,2.29,1.9083,,,
352.87,2.29,1.9089,,,
352.87,2.12,1.9093,,,
352.87,2.12,1.9097,,,
352.87,2.18,1.9102,,,
352.87,2.24,1.9108,,,
352.87,2.24,1.9114,,,
352.87,2.03,1.9116,,,
352.87,2.16,1.912,,,
352.87,2.16,1.9125,,,
352.87,2.24,1.9131,,,
352.87,2.27,1.9137,,,
352.87,2.27,1.9144,,,
352.87,2.22,1.9149,,,
352.87,2.13,1.9153,,,
352.87,2.13,1.9157,,,
352.87,2.24,1.9163,,,
352.87,2.24,1.9169,,,
352.87,1.96,1.917,,,
352.87,2.13,1.9174,,,
352.87,2.13,1.9178,,,
352.87,2.18,1.9182,,,
352.87,2.15,1.9186,,,
352.87,2.15,1.9191,,,
352.87,2.1,1.9194,,,
352.87,1.88,1.9193,,,
352.87,1.88,1.9192,,,
352.87,2.23,1.9198,,,
352.87,2.05,1.92,,,
352.87,2.05,1.9203,,,
352.87,2.16,1.9207,,,
352.87,1.96,1.9208,,,
352.87,1.96,1.9208,,,
352.87,1.93,1.9208,,,
352.87,1.93,1.9209,,,
352.87,2.13,1.9212,,,
352.87,2.23,1.9218,,,
352.87,2.23,1.9224,,,
352.87,2.34,1.9231,,,
352.87,2.3,1.9238,,,
352.87,2.3,1.9245,,,
352.87,2.18,1.9249,,,
352.87,2.05,1.9251,,,
352.87,2.05,1.9254,,,
352.87,2.03,1.9256,,,
352.87,2.22,1.9261,,,
352.87,2.22,1.9266,,,
352.87,2.27,1.9272,,,
352.87,2.12,1.9276,,,
352.87,2.12,1.9279,,,
352.87,2.3,1.9286,,,
352.87,2.3,1.9293,,,
352.87,2.3,1.9299,,,
352.87,2.23,1.9305,,,
352.87,2.23,1.931,,,
352.87,2.5,1.932,,,
352.87,2.45,1.933,,,
352.87,2.45,1.9339,,,
352.87,2.27,1.9345,,,
352.87,2.37,1.9353,,,
352.87,2.37,1.9361,,,
352.87,2.41,1.9369,,,
352.87,2.53,1.938,,,
352.87,2.53,1.9391,,,
352.87,2.56,1.9402,,,
352.87,2.3,1.9408,,,
352.87,2.3,1.9415,,,
352.87,2.31,1.9421,,,
352.87,2.31,1.9428,,,
352.87,2.3,1.9434,,,
352.87,2.34,1.9441,,,
352.87,2.34,1.9449,,,
352.87,2.42,1.9457,,,
352.87,2.29,1.9463,,,
352.87,2.29,1.9469,,,
352.87,2.22,1.9474,,,
352.87,2.33,1.9481,,,
352.87,2.33,1.9488,,,
352.87,2.42,1.9496,,,
352.87,2.35,1.9504,,,
352.87,2.35,1.9511,,,
352.87,2.26,1.9516,,,
352.87,2.24,1.9522,,,
352.87,2.46,1.9531,,,
352.87,2.15,1.9534,,,
352.87,2.15,1.9538,,,
352.87,2.29,1.9544,,,
352.87,2.12,1.9547,,,
352.87,2.12,1.955,,,
352.87,2.3,1.9556,,,
352.87,2.2,1.956,,,
352.87,2.2,1.9565,,,
352.87,2.48,1.9574,,,
352.87,2.39,1.9582,,,
352.87,2.39,1.959,,,
352.87,2.12,1.9593,,,
352.87,1.79,1.959,,,
352.87,1.79,1.9587,,,
352.87,1.96,1.9587,,,
352.87,1.96,1.9587,,,
352.87,2.03,1.9588,,,
352.87,2.01,1.9589,,,
352.87,2.01,1.959,,,
352.87,1.92,1.9589,,,
352.87,1.79,1.9586,,,
352.87,1.79,1.9583,,,
352.87,1.94,1.9583,,,
352.87,1.99,1.9584,,,
352.87,1.99,1.9584,,,
352.87,1.92,1.9584,,,
352.87,1.92,1.9583,,,
352.87,1.92,1.9582,,,
352.87,2.01,1.9583,,,
352.87,2.03,1.9584,,,
352.87,2.03,1.9586,,,
352.87,1.75,1.9582,,,
352.87,1.75,1.9578,,,
352.87,1.92,1.9577,,,
352.87,2.08,1.958,,,
352.87,2.08,1.9582,,,
352.87,2.35,1.9589,,,
352.87,2.01,1.959,,,
352.87,2.01,1.9591,,,
352.87,2.15,1.9594,,,
352.87,2.01,1.9595,,,
352.87,2.01,1.9596,,,
352.87,2.13,1.96,,,
352.87,2.12,1.9602,,,
352.87,2.12,1.9605,,,
352.87,2,1.9606,,,
352.87,2.12,1.9609,,,
352.87,2.12,1.9612,,,
352.87,2.05,1.9613,,,
352.87,2.05,1.9615,,,
352.87,2.07,1.9617,,,
352.87,2.05,1.9619,,,
352.87,2.05,1.962,,,
352.87,2.12,1.9623,,,
352.87,1.87,1.9621,,,
352.87,1.87,1.962,,,
352.87,1.97,1.962,,,
352.87,2.03,1.9621,,,
352.87,2.03,1.9622,,,
352.87,1.75,1.9618,,,
352.87,1.92,1.9618,,,
352.87,1.92,1.9617,,,
352.87,1.85,1.9615,,,
352.87,2.11,1.9618,,,
352.87,2.11,1.962,,,
352.87,1.79,1.9617,,,
352.87,1.79,1.9614,,,
352.87,1.73,1.961,,,
352.87,1.92,1.9609,,,
352.87,1.92,1.9608,,,
352.87,1.92,1.9608,,,
352.87,1.92,1.9607,,,
352.87,1.92,1.9606,,,
352.87,1.94,1.9606,,,
352.87,1.93,1.9605,,,
352.87,1.93,1.9605,,,
352.87,1.96,1.9605,,,
352.87,1.93,1.9604,,,
352.87,1.93,1.9604,,,
352.87,1.73,1.9599,,,
352.87,1.6,1.9593,,,
352.87,1.82,1.9591,,,
352.87,1.79,1.9588,,,
352.87,1.79,1.9585,,,
352.87,1.82,1.9582,,,
352.87,1.91,1.9581,,,
352.87,1.91,1.958,,,
352.87,2.01,1.9581,,,
352.87,1.92,1.9581,,,
352.87,1.92,1.958,,,
352.87,1.84,1.9578,,,
352.87,1.81,1.9575,,,
352.87,1.81,1.9572,,,
352.87,1.91,1.9571,,,
352.87,1.93,1.9571,,,
352.87,1.93,1.957,,,
352.87,1.91,1.9569,,,
352.87,1.85,1.9568,,,
352.87,2.07,1.957,,,
352.87,2.05,1.9571,,,
352.87,2.05,1.9573,,,
352.87,2.01,1.9574,,,
352.87,1.93,1.9574,,,
352.87,1.93,1.9573,,,
352.87,2.05,1.9575,,,
352.87,1.82,1.9572,,,
352.87,1.82,1.957,,,
352.87,1.77,1.9567,,,
352.87,1.71,1.9562,,,
352.87,1.71,1.9558,,,
352.87,1.71,1.9553,,,
352.87,1.65,1.9548,,,
352.87,1.65,1.9542,,,
352.87,1.88,1.9541,,,
352.87,1.88,1.9539,,,
352.87,2.05,1.9541,,,
352.87,1.99,1.9542,,,
352.87,1.99,1.9542,,,
352.87,1.88,1.9541,,,
352.87,1.78,1.9538,,,
352.87,1.78,1.9535,,,
352.87,1.78,1.9532,,,
352.87,2.11,1.9534,,,
352.87,2.11,1.9537,,,
352.87,2.15,1.9541,,,
352.87,2.1,1.9543,,,
352.87,2.1,1.9546,,,
352.87,2.07,1.9548,,,
352.87,2.19,1.9552,,,
352.87,2.19,1.9556,,,
352.87,1.88,1.9555,,,
352.87,1.88,1.9553,,,
352.87,2.03,1.9555,,,
352.87,2,1.9556,,,
352.87,2,1.9556,,,
352.87,2.22,1.9561,,,
352.87,2.05,1.9563,,,
352.87,2.05,1.9564,,,
352.87,1.91,1.9564,,,
352.87,1.87,1.9562,,,
352.87,1.87,1.956,,,
352.87,2.16,1.9564,,,
352.87,2.1,1.9567,,,
352.87,2.1,1.9569,,,
352.87,2.1,1.9572,,,
352.87,1.87,1.957,,,
352.87,1.87,1.9568,,,
352.87,1.84,1.9566,,,
352.87,1.84,1.9564,,,
352.87,1.87,1.9562,,,
352.87,1.89,1.9561,,,
